,test_rmse,test_mae,fit_time,test_time
0,1.0610494989068886,0.827722554205614,14.052794694900513,3.810469627380371
1,1.0615477011359675,0.8287768411229957,14.237963199615479,3.947594404220581
2,1.0534523237723117,0.8229342769437552,14.129865169525146,4.0078089237213135
3,1.0552202695040993,0.8233156925297265,14.609293222427368,4.039689540863037
4,1.0567111567089271,0.8262301827725823,14.618310451507568,4.02766752243042
