,test_rmse,test_mae,fit_time,test_time
0,0.9988756029902961,0.7746204023213149,14.40110993385315,4.877440929412842
1,0.9953494363506891,0.7733493183715529,14.248134851455688,5.082627773284912
2,0.9958848989157338,0.7746522808297182,14.37809419631958,4.959513187408447
3,0.9881065255660867,0.771741475196546,14.294014930725098,4.974529504776001
4,0.99205050093038,0.775581351491244,14.585437297821045,5.041598796844482
