,test_rmse,test_mae,fit_time,test_time
0,1.0415387597714045,0.8127856323239322,14.10284972190857,3.9355833530426025
1,1.0438152252687478,0.816024318665204,14.106990098953247,3.968613862991333
2,1.0408347095871022,0.812430654573926,14.29217004776001,3.968613624572754
3,1.0439511874730831,0.8123221569454119,14.414124488830566,3.9265754222869873
4,1.0549178407705722,0.8240720764355599,14.397111177444458,3.979621648788452
