,test_rmse,test_mae,fit_time,test_time
0,0.9336831008510029,0.7220421285429791,3.175891160964966,5.3638834953308105
1,0.9299502306697591,0.7174650271906523,3.2899868488311768,5.454976797103882
2,0.9388007610872592,0.725507337565261,3.2569565773010254,5.437951326370239
3,0.9298128684229574,0.7162880040887403,3.3140079975128174,5.378906011581421
4,0.9290849338054232,0.7135500752919702,3.3370463848114014,5.472982883453369
