,test_rmse,test_mae,fit_time,test_time
0,0.9916820973273613,0.7707417383481994,0.5815320014953613,1.32320237159729
1,0.987272586188861,0.7640923800439954,0.5845317840576172,1.3161962032318115
2,1.0017219746652413,0.7784089751244876,0.5865316390991211,1.3161988258361816
3,0.9945260473240632,0.7687854745223041,0.5695188045501709,1.3192014694213867
4,0.9965811031313022,0.7731723987231407,0.5805284976959229,1.330202579498291
