,test_rmse,test_mae,fit_time,test_time
0,0.93784713132454,0.7224432503824637,3.229948043823242,6.079525947570801
1,0.9312785420800024,0.7184158021063165,3.24495005607605,6.209646224975586
2,0.9286465849692909,0.7145776535629925,3.261962890625,6.273705005645752
3,0.927883952560774,0.7146637906458904,3.247953414916992,6.245678901672363
4,0.9363169066623854,0.7208406285563245,3.2899909019470215,6.30373215675354
