,test_rmse,test_mae,fit_time,test_time
0,0.9946288623153511,0.7683731922629651,0.5644972324371338,1.3201889991760254
1,0.990595936104425,0.7667122144797301,0.5743846893310547,1.311173915863037
2,0.9956320046601957,0.7710485803569973,0.5765156745910645,1.3151860237121582
3,0.9903131321292236,0.7661560272927286,0.5765135288238525,1.314176321029663
4,0.9985765876499518,0.7740321077759301,0.5775167942047119,1.2961604595184326
