,test_rmse,test_mae,fit_time,test_time
0,0.9757577499360393,0.7534723384196544,0.15915656089782715,1.3572311401367188
1,0.9798396656116711,0.7550753759864643,0.1731574535369873,1.3402185440063477
2,0.9726425162279774,0.7500474502647746,0.17816472053527832,1.329366683959961
3,0.9790688559836185,0.7560954097347659,0.17615914344787598,1.3232033252716064
4,0.9670745958499184,0.7424176676840861,0.17415833473205566,1.3302068710327148
