,test_rmse,test_mae,fit_time,test_time
0,0.9633797263907664,0.7405158284843356,0.17115378379821777,1.3031866550445557
1,0.9779741423189263,0.7521466652972979,0.17515969276428223,1.2871732711791992
2,0.9776123588603706,0.7509449599291538,0.19718003273010254,1.3141961097717285
3,0.9569208760169022,0.7372077615310308,0.18116426467895508,1.291184663772583
4,0.9672800140213952,0.7444664199271191,0.1901721954345703,1.3081912994384766
