,test_rmse,test_mae,fit_time,test_time
0,0.991794797751856,0.7673986228938929,0.5875346660614014,1.3332135677337646
1,1.0010431169176035,0.7775964205724524,0.582528829574585,1.3202018737792969
2,1.0045179651037737,0.7795599840076858,0.5795266628265381,1.3382179737091064
3,0.9890453066020337,0.7632786365728298,0.5825290679931641,1.3382186889648438
4,0.992719415694924,0.7711921128916439,0.5795266628265381,1.3412210941314697
