,test_rmse,test_mae,fit_time,test_time
0,1.311086160582293,0.9936756127707408,0.5566403865814209,0.5974118709564209
1,1.3200626105754085,1.0030660785873746,0.5635032653808594,0.6035616397857666
2,1.3083873891302906,0.9918822909397634,0.5935397148132324,0.6055514812469482
3,1.3097715974588355,0.9924671216409805,0.5665149688720703,0.6035404205322266
4,1.3057868742923293,0.9917652167391631,0.5715291500091553,0.5935406684875488
