,test_rmse,test_mae,fit_time,test_time
0,0.9811349049512759,0.7585326878317279,20.766586542129517,5.506921291351318
1,0.9800748605275252,0.7615282806881443,20.696523904800415,5.527947664260864
2,0.9744515043527194,0.7553616561528225,20.552398681640625,5.725120782852173
3,0.9895473982060113,0.766297983385779,20.701520442962646,5.640055894851685
4,0.9794773008969263,0.7576062022423268,20.508344411849976,5.586008310317993
