,test_rmse,test_mae,fit_time,test_time
0,0.9352506699877163,0.7186349708275767,3.255955219268799,7.037407875061035
1,0.9311231971272095,0.7196128911578112,3.2289485931396484,7.042412519454956
2,0.9362877287522223,0.7183110076763817,3.2409508228302,7.155515193939209
3,0.9345927397082193,0.7221244482250329,3.2329318523406982,7.1455066204071045
4,0.9356842198083658,0.7221067167816866,3.3410511016845703,7.091456651687622
