,test_rmse,test_mae,fit_time,test_time
0,1.0032823070421664,0.7784733557426635,0.8657791614532471,1.0099284648895264
1,0.999415383140307,0.775807425047609,0.833759069442749,1.0099196434020996
2,1.0034369372714613,0.7771521085868761,0.8357579708099365,0.9979088306427002
3,0.9989212676131678,0.7728399657205876,0.833759069442749,1.0039141178131104
4,1.0070467671095282,0.7790933232381074,0.8377628326416016,1.0119211673736572
