,test_rmse,test_mae,fit_time,test_time
0,0.99923936088588,0.7741388327454122,0.8657665252685547,1.2671422958374023
1,0.999618207059065,0.7725288649792575,0.8557660579681396,1.2471160888671875
2,0.9948340472961263,0.7693541563463845,0.8537633419036865,1.2841672897338867
3,1.0127661634311549,0.785186148484522,0.8617711067199707,1.2761452198028564
4,0.9879254825955792,0.7666194757167111,0.8517646789550781,1.269136667251587
