,test_rmse,test_mae,fit_time,test_time
0,0.9869173578134006,0.7631475074070295,20.69310188293457,5.437756299972534
1,0.981230329090234,0.7635842023549856,20.651212215423584,5.518986225128174
2,0.9821494539914231,0.7592749679879329,20.71613359451294,5.4968061447143555
3,0.9850635265542895,0.7613767916291553,20.527965545654297,5.409732103347778
4,0.9767822996642178,0.7585254944935915,20.62104105949402,5.6989829540252686
