,test_rmse,test_mae,fit_time,test_time
0,0.9813917728553246,0.7586156883282442,20.709116458892822,5.348687410354614
1,0.9811705030965002,0.7598851626767642,20.913294076919556,5.512987375259399
2,0.9859204872015057,0.7627384820731368,20.849238395690918,5.539835453033447
3,0.9798795032535905,0.7608542182932351,20.833224058151245,5.5388476848602295
4,0.9922301260664047,0.7703863818565011,20.624040842056274,5.4968085289001465
