,test_rmse,test_mae,fit_time,test_time
0,0.9920409680060438,0.7688249302093536,0.851773738861084,1.2461435794830322
1,0.9987366635600271,0.7740050291511925,0.8337509632110596,1.2271182537078857
2,0.9969062386311901,0.7695334860523889,0.8437671661376953,1.2311208248138428
3,0.996729795836409,0.7714024822896967,0.8437676429748535,1.231121301651001
4,0.999479311050815,0.7738982831588798,0.8477709293365479,1.2231135368347168
