,test_rmse,test_mae,fit_time,test_time
0,1.0015941567519162,0.77406172644213,0.8577690124511719,1.2351338863372803
1,1.0033902479173773,0.7743435417760892,0.8537683486938477,1.2601559162139893
2,1.0022885219897057,0.7757781851193166,0.8527765274047852,1.2491397857666016
3,0.9949088663051467,0.7704120128259512,0.856783390045166,1.2471323013305664
4,0.9869223987976328,0.764918661914938,0.8608896732330322,1.2431633472442627
