,test_rmse,test_mae,fit_time,test_time
0,1.0064181149865656,0.7753050364841477,0.5795266628265381,1.346224308013916
1,0.991729739982543,0.7687199886484144,0.5865414142608643,1.3332123756408691
2,0.9924288802772091,0.770684827706891,0.5745201110839844,1.3322117328643799
3,0.9879118295994509,0.765718977483308,0.577437162399292,1.3402090072631836
4,0.9898318425658927,0.7681261520070773,0.5795266628265381,1.3372159004211426
