,test_rmse,test_mae,fit_time,test_time
0,0.9293431938860396,0.7163121350144283,3.2349536418914795,6.68108344078064
1,0.9273546023121061,0.7146345100803375,3.21692156791687,6.861256837844849
2,0.9286152539589625,0.7150769962510127,3.3040060997009277,6.844231605529785
3,0.9393772400018298,0.7238629506887696,3.2629733085632324,6.77416467666626
4,0.9415461768375685,0.7233032932628776,3.2929952144622803,6.782175302505493
