,test_rmse,test_mae,fit_time,test_time
0,0.9479398473975081,0.7322734645149384,3.17388916015625,4.356970310211182
1,0.9450680497836493,0.7294934644962195,3.198070526123047,4.381990194320679
2,0.9462583559917854,0.730481819527773,3.201917886734009,4.480077028274536
3,0.9410723546724192,0.7256976538568877,3.210923433303833,4.451052904129028
4,0.9377424700578917,0.7266857506631308,3.268967866897583,4.464073181152344
