,test_rmse,test_mae,fit_time,test_time
0,1.0010939073814575,0.7789416999526956,14.249975204467773,5.073619604110718
1,0.9909129344679445,0.7700136790403332,14.40011191368103,5.188724517822266
2,0.981139008467878,0.7646618541230186,14.373086929321289,5.170708417892456
3,0.9937294959845927,0.7742238210726196,14.333050966262817,5.270799160003662
4,0.9885110872858397,0.7676202758180509,14.58928656578064,5.150687217712402
