,test_rmse,test_mae,fit_time,test_time
0,0.981129867811119,0.7588113266834862,20.750833749771118,5.767226457595825
1,0.9811827055530934,0.7559528567999203,20.705921173095703,6.057497978210449
2,0.9760594067238734,0.7567857827515706,20.621716737747192,5.898353576660156
3,0.9831751383440178,0.7627797912301119,20.665756940841675,5.974422216415405
4,0.9742902829956508,0.7556675575233014,20.88595461845398,5.861319541931152
