,test_rmse,test_mae,fit_time,test_time
0,1.000338527176944,0.7747401801083336,0.8607916831970215,1.2671523094177246
1,0.9991483034626675,0.7735541870417305,0.8647775650024414,1.2711567878723145
2,0.9962724980033661,0.7714736380874463,0.8647849559783936,1.2801642417907715
3,0.9972887200776039,0.7728653368097053,0.8647868633270264,1.2781620025634766
4,0.9993648285427852,0.7719777720420125,0.865788459777832,1.2851672172546387
