,test_rmse,test_mae,fit_time,test_time
0,0.9607692577470035,0.7354063605397657,0.15714311599731445,1.0309302806854248
1,0.9654794753091582,0.7425356465964551,0.17015504837036133,1.0279357433319092
2,0.9590107385517463,0.7341562545892593,0.17115545272827148,1.0179262161254883
3,0.9605225865712692,0.7381069880421491,0.17215752601623535,1.0139219760894775
4,0.9650008046842009,0.7359179685111885,0.17215609550476074,1.0239319801330566
