,test_rmse,test_mae,fit_time,test_time
0,0.9356248250596049,0.7207106973158449,3.1849019527435303,6.79418683052063
1,0.9356856202258093,0.7216328955856433,3.2629785537719727,6.9203040599823
2,0.9330582011026091,0.7198844887890704,3.2809903621673584,6.940316438674927
3,0.929026379273574,0.7177322117022106,3.2980024814605713,6.862248182296753
4,0.9321616742723164,0.7164954083370405,3.3280274868011475,6.954332113265991
