,test_rmse,test_mae,fit_time,test_time
0,0.988599178851539,0.7673822096875715,0.5654921531677246,1.2971267700195312
1,1.0081772728609217,0.777640624415737,0.5704994201660156,1.3041324615478516
2,0.9833449049941438,0.761210376268862,0.5795066356658936,1.3091449737548828
3,0.9886524518822949,0.7618463305143556,0.582500696182251,1.2951407432556152
4,1.000661441625703,0.77476076772581,0.5835106372833252,1.303147792816162
