,test_rmse,test_mae,fit_time,test_time
0,0.9563293452809842,0.7410255586540923,3.173889636993408,4.043682098388672
1,0.9655873670953569,0.7452980248664007,3.181896686553955,4.203827619552612
2,0.9587258516572932,0.7430134736921362,3.1959071159362793,4.2468671798706055
3,0.9441765851602842,0.7305614927503887,3.272979974746704,4.120751857757568
4,0.9538504610072728,0.7351979696822486,3.2439534664154053,4.209833383560181
