,test_rmse,test_mae,fit_time,test_time
0,1.0080651314979627,0.7822907609855062,14.430305004119873,4.7583327293396
1,0.9955697149969585,0.77713040769929,14.396108150482178,4.851417303085327
2,0.9897187246612755,0.7727785552821258,14.315026044845581,4.884455680847168
3,0.9981047135620585,0.7785110221344537,14.275998592376709,4.852418422698975
4,1.0016214594679171,0.7779443266509561,14.555253267288208,4.960516452789307
