,test_rmse,test_mae,fit_time,test_time
0,0.9968335273820436,0.7726032010160666,0.8207473754882812,1.2401292324066162
1,0.9965336766845033,0.7718409160059363,0.838763952255249,1.2050971984863281
2,1.001503551556651,0.7736950938796481,0.8397648334503174,1.194087266921997
3,1.0007627333122888,0.7781934310781325,0.8379733562469482,1.2030932903289795
4,0.9897514150698892,0.7666473314751798,0.8347601890563965,1.191084623336792
