,test_rmse,test_mae,fit_time,test_time
0,0.9981690356589288,0.7715508842866953,0.841763973236084,1.260138750076294
1,0.9936186084811778,0.7682351169754392,0.8667867183685303,1.2621490955352783
2,0.9979347162980866,0.7710129777434028,0.8667805194854736,1.2761726379394531
3,1.001332757693215,0.7775181979443944,0.8697910308837891,1.264153242111206
4,0.9984914802648218,0.7742172143688943,0.8667891025543213,1.2741601467132568
