,test_rmse,test_mae,fit_time,test_time
0,0.9341378662598148,0.7178712503933267,3.2829887866973877,6.779173374176025
1,0.9323408098998085,0.7192552597567952,3.261972665786743,6.8232102394104
2,0.9395223444251289,0.7234823896271936,3.2609689235687256,6.923303604125977
3,0.9365443072392228,0.7227023280088404,3.2849817276000977,6.9142961502075195
4,0.9253764777645006,0.7132315920790622,3.2909960746765137,6.913295030593872
