,test_rmse,test_mae,fit_time,test_time
0,0.9797948601194088,0.756420242253384,0.1611471176147461,1.3312098979949951
1,0.9744065634842521,0.7530880326262778,0.17215585708618164,1.335214614868164
2,0.9806184990983547,0.7527634889358495,0.17515897750854492,1.330209732055664
3,0.9762180538494905,0.7524340578423929,0.17315673828125,1.3402187824249268
4,0.9696532718282287,0.7485036929220719,0.17616009712219238,1.3322227001190186
