,test_rmse,test_mae,fit_time,test_time
0,0.9961975348091198,0.7725337994351209,0.5695168972015381,1.3272132873535156
1,0.9896140398961658,0.765413753505614,0.5725193023681641,1.3412201404571533
2,0.9981698758354406,0.7744136338151629,0.5715186595916748,1.3392071723937988
3,0.997343684468099,0.7716732783798224,0.5815250873565674,1.3392162322998047
4,0.9961229522415979,0.7701343024659584,0.5785257816314697,1.3332099914550781
