,test_rmse,test_mae,fit_time,test_time
0,0.9944133719542246,0.7678663602698136,0.5665247440338135,1.328207015991211
1,1.0002109456530506,0.7773948215310702,0.5795269012451172,1.3232028484344482
2,0.9922320058399864,0.7709984285054533,0.575524091720581,1.3232014179229736
3,0.9856220013330704,0.761197352150484,0.5805270671844482,1.32220458984375
4,0.9989113348244294,0.7759622172373564,0.5755119323730469,1.3272161483764648
