,test_rmse,test_mae,fit_time,test_time
0,0.9878246813550036,0.7645249421290958,0.5755288600921631,1.310176134109497
1,0.9952048251606667,0.7703076804270564,0.5835254192352295,1.3352067470550537
2,0.9940126781806843,0.7733057838025915,0.5745193958282471,1.3332054615020752
3,0.991732472512059,0.7651514867282502,0.5745193958282471,1.3352069854736328
4,1.0039665956567843,0.7747283559464098,0.5885353088378906,1.3241939544677734
