,test_rmse,test_mae,fit_time,test_time
0,0.9734437072568227,0.7563749734659457,14.239956617355347,6.369809150695801
1,0.9725641200612055,0.7556935904427824,14.468164443969727,6.59000039100647
2,0.9793788901198176,0.7594141687201021,14.547245979309082,6.472893953323364
3,0.9726206737760118,0.7565030294145201,14.314024448394775,6.5329577922821045
4,0.9863729149990539,0.7646446209279009,14.603546857833862,6.46889328956604
