,test_rmse,test_mae,fit_time,test_time
0,0.924250928881858,0.7120696401414535,3.2608489990234375,5.565871953964233
1,0.928371051990721,0.7162652916843443,3.255850315093994,5.693981647491455
2,0.9316018141230953,0.7180140538962942,3.265859603881836,5.666954517364502
3,0.9368118812235762,0.722345376015313,3.229825258255005,5.669960260391235
4,0.9393330660592886,0.723354441840989,3.2508442401885986,5.719001770019531
