,test_rmse,test_mae,fit_time,test_time
0,0.9346008078794031,0.7243688151092593,3.18190598487854,4.49609375
1,0.9346286582335344,0.7216634103502944,3.1828980445861816,4.663246154785156
2,0.9483609794381477,0.7282384161915115,3.196910858154297,4.7323009967803955
3,0.9352822455868098,0.721653784850601,3.254962205886841,4.659242630004883
4,0.9387469465494916,0.7236769600581885,3.2309398651123047,4.6422271728515625
