,test_rmse,test_mae,fit_time,test_time
0,0.9393909810145268,0.7269872620693849,3.17288875579834,4.2278406620025635
1,0.9540042853130677,0.7384046689284222,3.2019143104553223,4.367977142333984
2,0.9430825439167598,0.7277030940980758,3.249124526977539,4.354964971542358
3,0.9514189347912108,0.7356512070652145,3.2319421768188477,4.32994270324707
4,0.9445272063809235,0.7281822005540775,3.466155529022217,4.408013820648193
