,test_rmse,test_mae,fit_time,test_time
0,0.9890062728566776,0.7676693858575206,0.8727943897247314,1.2301201820373535
1,0.9959153878321961,0.7705114729522822,0.8647964000701904,1.2591464519500732
2,1.0035154473268812,0.7770468845842977,0.8717942237854004,1.2651519775390625
3,0.9974870661929045,0.7704093853408192,0.8678374290466309,1.2641029357910156
4,1.0051030017972478,0.7783509663710779,0.8717942237854004,1.248136043548584
