,test_rmse,test_mae,fit_time,test_time
0,0.991017603754248,0.7649917782018487,0.5825378894805908,1.2091009616851807
1,0.9918697029923313,0.7696518677496996,0.570518970489502,1.1740694046020508
2,0.9985849180243735,0.7691410809924791,0.567516565322876,1.1690642833709717
3,0.9924440448005398,0.7644539368808537,0.5675156116485596,1.1800744533538818
4,0.9949168244278038,0.7683979781427838,0.5665152072906494,1.1710662841796875
