,test_rmse,test_mae,fit_time,test_time
0,0.9810348962133734,0.7524904528973632,0.15513229370117188,1.2511482238769531
1,0.9612589111333186,0.7414046108831569,0.17015433311462402,1.202094316482544
2,0.962344400407999,0.7375593717307359,0.17015457153320312,1.2121036052703857
3,0.962395843442198,0.7402467706483673,0.17415809631347656,1.2091007232666016
4,0.9711336858201917,0.7472238519488288,0.17215633392333984,1.1990916728973389
