,test_rmse,test_mae,fit_time,test_time
0,0.994798122942731,0.7699805105022803,0.868800163269043,1.2451260089874268
1,0.9961271559429817,0.7713609994858721,0.8657796382904053,1.263157844543457
2,0.9991917457597463,0.7727586770071463,0.8617839813232422,1.2651431560516357
3,0.9976380754918129,0.7714000530732279,0.8587808609008789,1.2731504440307617
4,0.9969360711310902,0.772565930077661,0.8677895069122314,1.2581455707550049
