,test_rmse,test_mae,fit_time,test_time
0,0.9930449281419054,0.7696622802156501,0.860783576965332,1.2711668014526367
1,1.0060043879119893,0.7791765138511298,0.8557760715484619,1.2691473960876465
2,0.9969687970601111,0.7708817193643155,0.8667886257171631,1.2791647911071777
3,0.9987479098435714,0.7743097777698703,0.8567790985107422,1.280165672302246
4,0.9945233223190907,0.7700767703015872,0.86478590965271,1.2711575031280518
