,test_rmse,test_mae,fit_time,test_time
0,0.9986764879853612,0.7729108781990487,0.6105549335479736,1.3422207832336426
1,0.9939603443813428,0.7693852248666381,0.5845327377319336,1.358222246170044
2,0.9968607680809559,0.7716223753227693,0.5885341167449951,1.3222019672393799
3,0.9960976326451199,0.7717026419553344,0.5815281867980957,1.3552324771881104
4,0.9845589311593913,0.7642874101274879,0.5825290679931641,1.3432209491729736
