,test_rmse,test_mae,fit_time,test_time
0,0.990942573888552,0.7680200705585913,0.5575149059295654,1.3282079696655273
1,0.9916930463882354,0.7673020314581301,0.5715103149414062,1.347231388092041
2,0.9920302529518903,0.7668135541190669,0.5755200386047363,1.3262038230895996
3,1.0046429448239387,0.7767127126741257,0.5755202770233154,1.3452212810516357
4,0.9869665153172793,0.767451203245302,0.586524248123169,1.3312163352966309
