,test_rmse,test_mae,fit_time,test_time
0,0.9992606673310991,0.7759092283452457,0.8627846240997314,1.2791545391082764
1,1.0008421458505445,0.7755029785220204,0.8657865524291992,1.2891724109649658
2,0.99603431874677,0.7692807946182452,0.8637843132019043,1.2911741733551025
3,0.997075950448998,0.7722430094692891,0.8677880764007568,1.2881715297698975
4,0.9992414369500033,0.7729027508686468,0.8747942447662354,1.2571516036987305
