,test_rmse,test_mae,fit_time,test_time
0,1.028901720251622,0.8027896129676466,14.171893119812012,4.023834466934204
1,1.0330203133547637,0.8065943315952858,14.181913375854492,4.102735280990601
2,1.0190531713158104,0.7966557258825232,14.0828218460083,4.114747047424316
3,1.0260140623579812,0.8018012161819893,14.187920093536377,4.066700458526611
4,1.0342247086501228,0.8078779984384918,14.445322513580322,3.993636131286621
