,test_rmse,test_mae,fit_time,test_time
0,0.9675922392565783,0.7419839995461295,0.15914487838745117,1.151047945022583
1,0.9622156717642947,0.7382847598598978,0.16915416717529297,1.135033369064331
2,0.9570984608437632,0.7352020302347811,0.17015480995178223,1.1280274391174316
3,0.9653576864377517,0.7402882488457495,0.16915392875671387,1.129028081893921
4,0.9732937155041391,0.7460004788491968,0.17114782333374023,1.1190273761749268
