,test_rmse,test_mae,fit_time,test_time
0,0.9357049273454837,0.7195605002892683,3.1808950901031494,5.1046483516693115
1,0.9305690663911242,0.7203714047797177,3.2419514656066895,5.187723875045776
2,0.9410941332623205,0.7253032728020583,3.2339444160461426,5.307832717895508
3,0.927864139891604,0.7157324420515959,3.1690292358398438,5.135676383972168
4,0.9313599088561582,0.717495665188366,3.227938652038574,5.164702892303467
