,test_rmse,test_mae,fit_time,test_time
0,0.9955120993605486,0.769191080504636,0.8437585830688477,1.247135877609253
1,1.0003057592888123,0.7722652767911278,0.8687903881072998,1.2531414031982422
2,1.0005736260778968,0.7760959731177756,0.8677897453308105,1.253150224685669
3,1.0016258058435228,0.7782392967877708,0.8607840538024902,1.245133638381958
4,0.998579345244875,0.771711430377601,0.8607842922210693,1.2511389255523682
