,test_rmse,test_mae,fit_time,test_time
0,0.9271525516254843,0.7130556191108053,3.2898776531219482,5.570872783660889
1,0.9272903262677754,0.7178907081304017,3.2998950481414795,5.720003366470337
2,0.9349398206934064,0.7219125428938247,3.2448384761810303,5.719005823135376
3,0.9319201474680492,0.7159465943997918,3.307896375656128,5.65694522857666
4,0.9360582508600943,0.721248892628017,3.2278261184692383,5.7810540199279785
