,test_rmse,test_mae,fit_time,test_time
0,0.9742640450342697,0.7517112693521067,0.16114544868469238,1.3211941719055176
1,0.9717885403443499,0.7459277609696333,0.17515826225280762,1.32220458984375
2,0.9694597583827933,0.7486978835439482,0.17615914344787598,1.3292019367218018
3,0.9774174176706002,0.7544013378712341,0.17615938186645508,1.3532259464263916
4,0.9673079702227994,0.7437594067566551,0.17615914344787598,1.3331966400146484
