,test_rmse,test_mae,fit_time,test_time
0,1.006683128177907,0.7803696286821987,0.8647773265838623,1.2631564140319824
1,0.9981220593507133,0.770504638710607,0.861783504486084,1.2651433944702148
2,1.0000498049464597,0.7752492072155739,0.8598127365112305,1.2811331748962402
3,0.986195834329516,0.7650538294852612,0.8597898483276367,1.2792930603027344
4,1.0021023115679466,0.773512418262404,0.8647856712341309,1.2771615982055664
