,test_rmse,test_mae,fit_time,test_time
0,0.991885244651503,0.7735330511514956,14.263999938964844,4.918475389480591
1,0.9992645596376168,0.7791048764404015,14.35121488571167,5.10365629196167
2,0.9886377116024869,0.7670617664468654,14.273996353149414,5.009561538696289
3,0.9930057578977018,0.7688002529474508,14.227954387664795,4.92748761177063
4,0.9986626404837963,0.7770207190950554,14.354069948196411,5.199896574020386
