,test_rmse,test_mae,fit_time,test_time
0,0.9966128204431154,0.76872149812933,0.8607790470123291,1.2801461219787598
1,1.0053118332325524,0.7790792074930852,0.8527629375457764,1.2671339511871338
2,1.0000573365594658,0.771095998210997,0.8597695827484131,1.280137300491333
3,0.9974268988741509,0.7733565348250846,0.8747830390930176,1.265132188796997
4,0.9971884246537009,0.7750770541982531,0.8667759895324707,1.2691364288330078
