,test_rmse,test_mae,fit_time,test_time
0,0.9334623507346158,0.7190803994789831,3.213932991027832,6.905287504196167
1,0.938109466257467,0.7243853696277082,3.2269365787506104,7.001365900039673
2,0.9373443583648827,0.7201810784521208,3.3120150566101074,7.1244871616363525
3,0.9298305998786508,0.7175936992436223,3.2129244804382324,7.183552503585815
4,0.9314150009084565,0.7151546209465244,3.3150181770324707,6.996371030807495
