,test_rmse,test_mae,fit_time,test_time
0,0.9701183151790187,0.7508704002950036,14.522231578826904,6.451875448226929
1,0.9779854545694887,0.7591414339533289,14.346062898635864,6.537952661514282
2,0.9763146778350082,0.7604198245923468,14.819501638412476,6.640046119689941
3,0.9751606084832815,0.7560625793215279,14.557254791259766,6.5269434452056885
4,0.9811434068225813,0.7628985742999671,14.610310077667236,6.598008155822754
