,test_rmse,test_mae,fit_time,test_time
0,0.9868198860669908,0.7636467386775272,20.60275936126709,5.033583402633667
1,0.9887594603890741,0.7707688498665948,20.359537839889526,5.257787466049194
2,0.987199776628048,0.7658163358923491,20.768913745880127,5.142679691314697
3,0.9950983723610054,0.7707493218494559,20.46563458442688,5.153692722320557
4,0.9875410113302979,0.7675637091820304,20.519684076309204,5.016567230224609
