,test_rmse,test_mae,fit_time,test_time
0,0.9846433282459849,0.7645649262185156,0.56252121925354,1.320202112197876
1,0.9953206666965685,0.7716004259846468,0.5745224952697754,1.3402204513549805
2,0.9961454013221276,0.7714699415183286,0.5725302696228027,1.3372173309326172
3,0.9983112557678949,0.774278016270637,0.5745234489440918,1.3222036361694336
4,1.0021510001460383,0.776340681205345,0.5795354843139648,1.3422222137451172
