,test_rmse,test_mae,fit_time,test_time
0,0.9893153477147372,0.7675526212347754,0.8477575778961182,1.288177728652954
1,1.004476879464475,0.7761691852548281,0.8687913417816162,1.2751541137695312
2,1.0058151159673945,0.7787058213279511,0.8647842407226562,1.2821719646453857
3,0.9930683678332826,0.7681848100696853,0.8677785396575928,1.2861762046813965
4,1.009134774557401,0.7802441841992358,0.8647842407226562,1.2821640968322754
