,test_rmse,test_mae,fit_time,test_time
0,0.9375108612860479,0.7228681337751238,3.166865587234497,5.869328022003174
1,0.9235061142360287,0.7130731196366813,3.2539446353912354,6.1275622844696045
2,0.931960854958637,0.7162394644028213,3.2489399909973145,6.088526964187622
3,0.9312793983911141,0.7160167816997353,3.2319250106811523,6.002661228179932
4,0.9344577578840931,0.7209000471172454,3.3220114707946777,6.102530241012573
