,test_rmse,test_mae,fit_time,test_time
0,0.9978922720552551,0.7741829632854528,0.5795269012451172,1.3322138786315918
1,0.9937912161511734,0.7708403749726115,0.5785229206085205,1.3292028903961182
2,0.9992913899771287,0.77319082740046,0.5775251388549805,1.3161990642547607
3,0.994127349182087,0.771915779906098,0.5805299282073975,1.3222014904022217
4,0.995409901855539,0.7707404335137444,0.5805284976959229,1.3192007541656494
