,test_rmse,test_mae,fit_time,test_time
0,0.9677739440390816,0.7415664592411259,0.1601545810699463,1.1840782165527344
1,0.9573974243152503,0.7386509531226465,0.1731572151184082,1.1580548286437988
2,0.9684462782758875,0.7419573178715542,0.17115569114685059,1.1700654029846191
3,0.9686909547504907,0.7430547258124759,0.17415618896484375,1.1450424194335938
4,0.9633821377609112,0.7415102755249773,0.17415857315063477,1.156052827835083
