,test_rmse,test_mae,fit_time,test_time
0,1.2210623617504164,0.9418996727265193,14.205935001373291,3.5862653255462646
1,1.2287465089448564,0.9478545248182387,14.179911136627197,3.6483218669891357
2,1.2312618319246484,0.9506663301173375,13.999738216400146,3.7103872299194336
3,1.224044770302061,0.942889151143332,14.311021566390991,3.6573305130004883
4,1.2214925419450053,0.943165710657818,14.61638355255127,3.7884504795074463
