,test_rmse,test_mae,fit_time,test_time
0,0.9940632898379087,0.7691788621242076,0.5735123157501221,1.3011891841888428
1,0.993657302300076,0.7691131142372424,0.5695168972015381,1.3452234268188477
2,1.0015226602303864,0.7748914890668938,0.5805349349975586,1.3452212810516357
3,0.9923317737681935,0.7699417872905242,0.5705091953277588,1.3372218608856201
4,0.9928412270305421,0.769236119263646,0.5805268287658691,1.3492169380187988
