,test_rmse,test_mae,fit_time,test_time
0,0.9886897048754107,0.7636470948621268,0.9068253040313721,1.4683353900909424
1,0.9991216357725005,0.7724982816263564,0.5845322608947754,1.3412408828735352
2,0.9908920904518539,0.7670963244174753,0.5875341892242432,1.3352141380310059
3,0.9871679556559312,0.7693933204901953,0.5925381183624268,1.354222297668457
4,1.0028990460437974,0.7774918884207249,0.6345794200897217,1.3402278423309326
