,test_rmse,test_mae,fit_time,test_time
0,0.9954891233334751,0.7710588392126583,0.9278421401977539,1.2941744327545166
1,0.9966460735258696,0.7726156393273914,0.8667862415313721,1.2961759567260742
2,0.9989561043017534,0.7726112578598595,0.861778974533081,1.2771620750427246
3,1.0021533271699055,0.7757633480730918,0.8559305667877197,1.2901713848114014
4,1.0070591102142632,0.7778059165938247,0.8617827892303467,1.2851662635803223
