,test_rmse,test_mae,fit_time,test_time
0,0.9736683483328443,0.7527199381378595,20.54470419883728,5.940408945083618
1,0.9757342914531776,0.7558321639819954,20.60075569152832,6.292729139328003
2,0.9815794899760698,0.760645518849534,20.694982051849365,6.177633047103882
3,0.9792957758503273,0.7585621494612621,20.764896392822266,6.149606704711914
4,0.9771226175087279,0.7554641167785461,20.799936532974243,6.154603481292725
