,test_rmse,test_mae,fit_time,test_time
0,0.9280978438819819,0.7161191956437809,3.208760976791382,5.40765380859375
1,0.9293088405432346,0.7173154532322776,3.245795965194702,5.576798915863037
2,0.9316106672719138,0.7189179952610076,3.282827615737915,5.5497727394104
3,0.9374964334208502,0.7191595531950646,3.2397878170013428,5.452692031860352
4,0.9338100895072315,0.7205241563667243,3.248795986175537,5.519741058349609
