,test_rmse,test_mae,fit_time,test_time
0,0.9840735330501296,0.7640763525615413,14.48719334602356,6.297731876373291
1,0.9754005744935524,0.7567911801636361,14.417118310928345,6.5069334506988525
2,0.9714106932987856,0.7556070188240342,14.41812801361084,6.449872732162476
3,0.9771899309144383,0.7584662266107898,14.472177028656006,6.415842056274414
4,0.977926792733104,0.7602611734137561,14.569266080856323,6.379800796508789
