,test_rmse,test_mae,fit_time,test_time
0,0.998420689465255,0.7731787939776014,0.8697924613952637,1.1410386562347412
1,1.0026521039237255,0.7737808442545295,0.8447690010070801,1.1440417766571045
2,1.0047374721913784,0.7767588392541925,0.8427672386169434,1.1520519256591797
3,1.0058190541439342,0.7796135637741444,0.8407654762268066,1.1600563526153564
4,0.9934214472833726,0.771632477448522,0.8437707424163818,1.1460411548614502
