,test_rmse,test_mae,fit_time,test_time
0,0.9796388784021132,0.7555918687883557,0.16315770149230957,1.326206922531128
1,0.9756183065114583,0.7553671919018841,0.17215681076049805,1.320204496383667
2,0.9762319705427565,0.7523252427124587,0.17316007614135742,1.3262050151824951
3,0.9738607048166892,0.7519549595379825,0.17415857315063477,1.3152000904083252
4,0.9797851737050536,0.7540860152967354,0.1751573085784912,1.3352155685424805
