,test_rmse,test_mae,fit_time,test_time
0,1.010002887318184,0.7803766876985693,0.8647875785827637,0.9028308391571045
1,1.011427241324504,0.7840413908076297,0.8367621898651123,0.9228456020355225
2,1.0165787918561613,0.7902023202294699,0.8367619514465332,0.9218394756317139
3,1.008616727383012,0.782131230998164,0.8387613296508789,0.9218392372131348
4,1.006799690180937,0.7810527654602363,0.8427670001983643,0.9118301868438721
