,test_rmse,test_mae,fit_time,test_time
0,0.9736733899462375,0.7571439425279598,14.532222270965576,6.55297589302063
1,0.9756453301735649,0.7564739215443642,14.458154678344727,6.730128288269043
2,0.973269731007263,0.7586797136522465,14.413124322891235,6.828217506408691
3,0.9758445945243356,0.7562306676837066,14.467328310012817,6.71710729598999
4,0.9798447129036449,0.7587359409178149,14.475183010101318,6.662063360214233
