,test_rmse,test_mae,fit_time,test_time
0,0.9800418209951041,0.7527180291627069,0.161146879196167,1.331212043762207
1,0.9676772111234256,0.7469150094212043,0.17515945434570312,1.3352155685424805
2,0.9771166128618617,0.7520782392046019,0.17415857315063477,1.3372173309326172
3,0.9795164045840855,0.7567247404260439,0.17415809631347656,1.3402204513549805
4,0.9724335715856839,0.751855074209806,0.17515945434570312,1.342221975326538
