,test_rmse,test_mae,fit_time,test_time
0,0.9934944877420556,0.7725146213318869,0.8507745265960693,1.259155035018921
1,0.9988884580277355,0.7740795181093605,0.8597848415374756,1.2601451873779297
2,0.9983232486614368,0.7717395408548233,0.8647871017456055,1.2781665325164795
3,0.997267498905721,0.7701647616581664,0.8667864799499512,1.2571446895599365
4,0.9971065351827644,0.772401077110835,0.8667802810668945,1.2651607990264893
