,test_rmse,test_mae,fit_time,test_time
0,0.9827539432525998,0.7553310393905697,0.16214823722839355,1.3492279052734375
1,0.9687781988276715,0.7466841203405914,0.17415881156921387,1.3292102813720703
2,0.9684192413243176,0.7477435088338336,0.1731576919555664,1.3502213954925537
3,0.9766036362213911,0.7529375450038547,0.17416143417358398,1.3502182960510254
4,0.9822996015670753,0.7585845171269459,0.1771831512451172,1.3191790580749512
