,test_rmse,test_mae,fit_time,test_time
0,0.9744283556015909,0.7545921435849061,14.466172218322754,6.666078090667725
1,0.9872626450930383,0.7642592014273143,14.394097089767456,6.938327312469482
2,0.9758501392553742,0.7589019014108923,14.589282512664795,6.887279987335205
3,0.965513239335584,0.7529663061624183,14.362067699432373,6.773179292678833
4,0.9682720159431465,0.7510613880974749,14.312021255493164,6.8702569007873535
