,test_rmse,test_mae,fit_time,test_time
0,1.0023077704515944,0.7739933369160218,0.8637769222259521,1.2811737060546875
1,0.9925116653960201,0.7677796395113542,0.8627843856811523,1.2631487846374512
2,0.9990936853310834,0.7739355434574637,0.8687896728515625,1.2931759357452393
3,0.987456867447588,0.7647987588940808,0.8657875061035156,1.279163122177124
4,0.9980744531881864,0.7744641711446342,0.8527755737304688,1.2681536674499512
