,test_rmse,test_mae,fit_time,test_time
0,0.9332032638482385,0.7236317665079057,3.1728885173797607,4.568159580230713
1,0.9390505560896028,0.7225701754662414,3.190061092376709,4.587177276611328
2,0.9448597106619151,0.7304064277411042,3.212925434112549,4.670411825180054
3,0.9435966754290362,0.7297129186304666,3.1989128589630127,4.6212077140808105
4,0.9332780597193687,0.7191356561136305,3.2419517040252686,4.631217002868652
