,test_rmse,test_mae,fit_time,test_time
0,0.9780091579370424,0.7509413364870239,0.1611497402191162,1.2901310920715332
1,0.9708388883830155,0.7494737011183104,0.17415213584899902,1.2991554737091064
2,0.9657803485806533,0.7450377777240493,0.17315196990966797,1.3061423301696777
3,0.9753883207668573,0.7516990159630217,0.1771547794342041,1.3081421852111816
4,0.966759657801304,0.7438207158045217,0.17615389823913574,1.3081440925598145
