,test_rmse,test_mae,fit_time,test_time
0,0.9898026301816875,0.7686380943348227,0.567516565322876,1.3492286205291748
1,0.9883937450752618,0.7658311203530817,0.5875370502471924,1.3452141284942627
2,1.0003465460074772,0.7749929740194321,0.5885357856750488,1.3442156314849854
3,0.9921725838672014,0.7688782653426695,0.5885355472564697,1.3392198085784912
4,1.0048992161336932,0.7773847797941164,0.5915470123291016,1.3302109241485596
