,test_rmse,test_mae,fit_time,test_time
0,0.9771323626148319,0.7558253298976607,20.70085573196411,5.962428092956543
1,0.9763438422410394,0.7538964256615678,20.469515085220337,6.0615198612213135
2,0.9849413802151061,0.7619544926081703,20.717862367630005,6.122573614120483
3,0.9728682969894917,0.7534745980415065,20.776915550231934,6.110566139221191
4,0.9791523285889902,0.7599745466923838,20.61976909637451,6.091545820236206
