,test_rmse,test_mae,fit_time,test_time
0,0.9672275156359895,0.7430074961832441,0.16715121269226074,1.2131133079528809
1,0.9743495250002117,0.7478391912408907,0.17015504837036133,1.242130994796753
2,0.9741431585255435,0.7454084207765875,0.1731576919555664,1.1490459442138672
3,0.960508840765422,0.7400515255347202,0.17515087127685547,1.1750781536102295
4,0.9658957027243874,0.741470601393158,0.17415857315063477,1.199082851409912
