,test_rmse,test_mae,fit_time,test_time
0,0.9762539784668441,0.7578449888632022,14.350057363510132,6.533949851989746
1,0.978544141607269,0.7607896515119605,14.40811824798584,6.835222959518433
2,0.9702464860365144,0.753633898384292,14.449392318725586,6.627043008804321
3,0.9700123077450612,0.7530829012344966,14.379089593887329,6.579991340637207
4,0.983062980556257,0.7603971071238118,14.52721905708313,6.693102836608887
