,test_rmse,test_mae,fit_time,test_time
0,1.1561096243896012,0.8989842364694796,14.499573230743408,3.92057728767395
1,1.1447999831247448,0.8886639378687069,14.381093740463257,3.8314805030822754
2,1.1586942672464455,0.9018472977184326,14.278992891311646,3.7594308853149414
3,1.166490762477888,0.9066171163759447,14.264979839324951,3.676565170288086
4,1.1651847910535735,0.9024333518586485,14.371085166931152,3.9085588455200195
