,test_rmse,test_mae,fit_time,test_time
0,0.998615743709253,0.7728990329131398,0.8427765369415283,1.2501401901245117
1,1.0042480496902098,0.7758555475131517,0.8597824573516846,1.2501401901245117
2,0.9928736424011334,0.7699507916255326,0.860975980758667,1.2299354076385498
3,0.9947696753239788,0.7699841979706448,0.8617820739746094,1.2521402835845947
4,0.9996563301030368,0.7748420502626939,0.8667869567871094,1.240128755569458
