,test_rmse,test_mae,fit_time,test_time
0,0.9854146548757577,0.768224089487597,14.564740657806396,5.386715412139893
1,0.9797847081137212,0.7639034881241127,14.432624816894531,5.455772638320923
2,0.9945096439457649,0.7724343016259666,14.651808023452759,5.522839546203613
3,0.9828178276540508,0.763753786089829,14.472660064697266,5.459768533706665
4,0.9901168129835942,0.7668956524327547,14.53572678565979,5.54483962059021
