,test_rmse,test_mae,fit_time,test_time
0,1.0227018338118776,0.7953258771437918,20.352540016174316,4.011653184890747
1,1.0123315564458055,0.7889678156190502,20.474645137786865,4.133761405944824
2,1.019736122781024,0.7966399159431979,20.590917587280273,4.18180513381958
3,1.0117371494904919,0.7870572431020555,20.395570993423462,4.170797824859619
4,1.0058754058534742,0.7846299353239061,20.580901861190796,4.178804874420166
