,test_rmse,test_mae,fit_time,test_time
0,0.9878396265269174,0.7647062618934272,20.47063708305359,5.145684719085693
1,0.9873667118690399,0.7652406685786928,20.595996379852295,5.339861869812012
2,0.9885743073811538,0.7648028519583843,20.625776767730713,5.273801565170288
3,0.9740848166242945,0.758418719475293,20.8309645652771,5.258795738220215
4,0.9901512164854672,0.7685271804928064,20.739882469177246,5.274804353713989
