,test_rmse,test_mae,fit_time,test_time
0,0.9676194703907857,0.7492410113381803,3.1668875217437744,3.927734375
1,0.9698197152131008,0.7472285408922661,3.1828982830047607,3.9896326065063477
2,0.9654505270725184,0.7484052641743371,3.205919027328491,4.014655590057373
3,0.9675385726616705,0.7482058524897665,3.196911096572876,3.9846279621124268
4,0.9803157259897309,0.7568074850120352,3.2089221477508545,4.068704605102539
