,test_rmse,test_mae,fit_time,test_time
0,1.0035833271167693,0.7767329288911667,0.8487725257873535,1.1950883865356445
1,0.9936520199259576,0.7672979935243731,0.8367640972137451,1.1660590171813965
2,1.0024640115598127,0.7762175161811949,0.8357605934143066,1.185079574584961
3,1.0067698699671763,0.779962217012448,0.8387637138366699,1.1590547561645508
4,0.99094522829246,0.7675817397618808,0.8377590179443359,1.1670541763305664
