,test_rmse,test_mae,fit_time,test_time
0,0.9834770444997943,0.7619393313603973,20.53138566017151,5.530950307846069
1,0.9844366462801277,0.7609120092523474,20.81663155555725,5.636044502258301
2,0.9741469091847933,0.7569945339651064,20.844823837280273,5.600003242492676
3,0.9842245418391631,0.7614963564738142,20.627452611923218,5.638055801391602
4,0.9808520187668807,0.7594029307916493,20.786606311798096,5.5209386348724365
