,test_rmse,test_mae,fit_time,test_time
0,1.0009287225225534,0.7743829082181996,0.8678014278411865,1.2571449279785156
1,0.9973064318049032,0.770502800540608,0.8597910404205322,1.26114821434021
2,0.9921716718471222,0.7692757906790125,0.8547782897949219,1.2381196022033691
3,1.005034358696863,0.778716714227441,0.8587813377380371,1.2611463069915771
4,0.9964379850390109,0.7711962071455586,0.8547782897949219,1.261148452758789
