,test_rmse,test_mae,fit_time,test_time
0,0.9961286165591021,0.775659478990205,14.424411535263062,5.450690269470215
1,0.9825897459157634,0.7634717829582904,14.451444625854492,5.419662714004517
2,0.9827621647832178,0.7626663911148883,14.411400318145752,5.460707664489746
3,0.9791046930731707,0.7628111367330458,14.540510892868042,5.394642353057861
4,0.9966133030756474,0.7735399791313279,14.529502391815186,5.387635946273804
