,test_rmse,test_mae,fit_time,test_time
0,0.9835943215390692,0.7596451917024291,20.70151948928833,5.561978340148926
1,0.992962319016327,0.7695325659642678,20.819787740707397,5.694096088409424
2,0.9765180511825381,0.756595625176036,20.77559471130371,5.6840879917144775
3,0.9830545964658837,0.7608249237712322,20.724993467330933,5.630047798156738
4,0.969864006536785,0.7540253170375069,20.822628259658813,5.69611382484436
