,test_rmse,test_mae,fit_time,test_time
0,0.9669177043363145,0.7438449090926409,0.15914416313171387,1.2541329860687256
1,0.9762899144528351,0.7500704093138727,0.17316651344299316,1.2050971984863281
2,0.9682751266718392,0.7447021604342603,0.17215609550476074,1.21510648727417
3,0.9596993588988417,0.7384991261088428,0.17315936088562012,1.2141027450561523
4,0.9721890159721469,0.7467117568165254,0.17115521430969238,1.2251152992248535
