,test_rmse,test_mae,fit_time,test_time
0,0.9864952963029098,0.7604903233365643,0.5454967021942139,0.9819028377532959
1,1.0032351547722065,0.7711986535037473,0.5635132789611816,0.9648785591125488
2,1.00397971976315,0.7748565127803837,0.5615026950836182,0.9568800926208496
3,1.0088503607544679,0.7772531404819408,0.5585088729858398,0.9578719139099121
4,1.0034708569674815,0.7722361260468383,0.5615110397338867,0.9588730335235596
