,test_rmse,test_mae,fit_time,test_time
0,0.9299511847844151,0.7157968941920799,3.204922914505005,6.18362283706665
1,0.9317294505946022,0.7179387350087839,3.2629668712615967,6.39581561088562
2,0.9292545644856153,0.7183492661049063,3.2759690284729004,6.434851408004761
3,0.9369078395017724,0.7197816003939619,3.2329485416412354,6.357784032821655
4,0.934751255209014,0.7210944670961296,3.235933303833008,6.375797748565674
