,test_rmse,test_mae,fit_time,test_time
0,0.9399805779941955,0.7229233727312934,3.27197003364563,6.9093005657196045
1,0.9378650182903407,0.7223024739485749,3.23394513130188,7.036406517028809
2,0.937679666340948,0.7217849686222101,3.2809784412384033,7.085452079772949
3,0.920246029880164,0.7095108350548954,3.253974437713623,6.951329708099365
4,0.9331380352559776,0.7200468389202479,3.2639718055725098,7.114477872848511
