,test_rmse,test_mae,fit_time,test_time
0,0.9269024299536526,0.7154829396139127,3.176898956298828,6.144585132598877
1,0.9304722643730798,0.7172010265268475,3.261965751647949,6.285715818405151
2,0.9276553672961803,0.7142236987429177,3.258963108062744,6.349776744842529
3,0.9414092756078897,0.72601151512024,3.2249350547790527,6.33275580406189
4,0.9383090803026662,0.7215657336066894,3.292994260787964,6.240675210952759
