,test_rmse,test_mae,fit_time,test_time
0,0.9799851707563542,0.7605511815867352,14.462151288986206,5.952413082122803
1,0.9786232233573844,0.7606677684943245,14.458145141601562,6.089537858963013
2,0.9872589401065722,0.7649383590141434,14.53122067451477,6.015469789505005
3,0.9727499869926576,0.7559784864029583,14.388830661773682,5.97843599319458
4,0.9799621942602862,0.7624471521307514,14.467143297195435,6.005470037460327
