,test_rmse,test_mae,fit_time,test_time
0,0.9983260064313356,0.7783451862216538,14.260976791381836,4.827395915985107
1,0.9978570985733487,0.7778232291117153,14.328045129776001,4.996549844741821
2,0.9917664818715891,0.7737295694579934,14.486189603805542,4.946511745452881
3,1.0022182207101784,0.7750345734303167,14.300020456314087,4.866430997848511
4,0.9983331350282281,0.7807011178651997,14.36306881904602,4.806535482406616
