,test_rmse,test_mae,fit_time,test_time
0,0.9975220372562295,0.771136491232001,0.5715162754058838,1.3051886558532715
1,1.0006469837006984,0.7749077770746396,0.576512336730957,1.3262102603912354
2,0.9818076087297926,0.7606264984084118,0.5705130100250244,1.3262009620666504
3,0.9969243780427097,0.7721168716158915,0.5725152492523193,1.3312032222747803
4,0.9925863682859174,0.7668815160426827,0.5745105743408203,1.3121862411499023
