,test_rmse,test_mae,fit_time,test_time
0,0.9718031544002255,0.7497227187681842,0.15915250778198242,1.3402113914489746
1,0.9788951039299736,0.7524566277698362,0.17316436767578125,1.343214750289917
2,0.9736308192729808,0.7501748898078758,0.1731562614440918,1.3302028179168701
3,0.9774716473492575,0.7504302703178068,0.17715764045715332,1.3412129878997803
4,0.9743322396716178,0.7518095346070328,0.17515897750854492,1.3392016887664795
