,test_rmse,test_mae,fit_time,test_time
0,0.975153253528384,0.7526637409645346,0.1581439971923828,1.3462262153625488
1,0.9813321512715968,0.7570939131921427,0.17515921592712402,1.3202025890350342
2,0.9761770954554682,0.7553368164636228,0.17616868019104004,1.3202049732208252
3,0.9749739734867097,0.75289462826763,0.17415857315063477,1.339219570159912
4,0.9738366372687226,0.7501357105614267,0.17616009712219238,1.3382210731506348
