,test_rmse,test_mae,fit_time,test_time
0,0.9869282108687168,0.7658059675377187,14.319997310638428,5.777243614196777
1,0.9857285998378785,0.7639397727441218,14.49215316772461,5.927380323410034
2,0.9839129313151024,0.7640205153617546,14.476130723953247,5.883347988128662
3,0.9814893862870873,0.7614237173144995,14.385056018829346,5.972420692443848
4,0.9656325601813306,0.7546423721885768,14.328004121780396,5.9413902759552
