,test_rmse,test_mae,fit_time,test_time
0,0.9802942401321688,0.7589512657491647,14.501185894012451,5.979437351226807
1,0.9698105034363941,0.7535288973012603,14.580257654190063,6.124569892883301
2,0.978096041945081,0.7614205317279099,14.404109716415405,6.061509370803833
3,0.9876159098269249,0.7648739802901667,14.252831220626831,6.1195619106292725
4,0.9783605364982546,0.7607282118660107,14.51137924194336,6.0975422859191895
