,test_rmse,test_mae,fit_time,test_time
0,0.9377075911392025,0.7216533633826158,3.2449452877044678,6.835223913192749
1,0.9259740004832465,0.7147363591423043,3.2429521083831787,7.002384901046753
2,0.9346231148220995,0.7206002678648248,3.2949910163879395,6.946550130844116
3,0.9355009192438415,0.7204703997228288,3.2099223136901855,6.924304723739624
4,0.9364943370955455,0.7219128509602708,3.2940001487731934,6.817215204238892
