,test_rmse,test_mae,fit_time,test_time
0,0.9799165253410037,0.7536378422087506,0.1631486415863037,1.278099536895752
1,0.9719260148296798,0.7482738637165106,0.17615127563476562,1.2841053009033203
2,0.962257300889384,0.7429011606915604,0.1771409511566162,1.278108835220337
3,0.9745324620322787,0.7487794810970827,0.17314839363098145,1.2911107540130615
4,0.9737155039837514,0.7494278006242018,0.17514729499816895,1.2911112308502197
