,test_rmse,test_mae,fit_time,test_time
0,0.9883254106484102,0.7677174449696024,14.368081331253052,5.184711933135986
1,0.9970494894053112,0.7740444821521926,14.410127639770508,5.2297632694244385
2,0.990583544643829,0.7718258496272905,14.403112411499023,5.207741737365723
3,0.98280729049644,0.7635817248655921,14.49020266532898,5.265791416168213
4,0.9895981711632741,0.7694776664305257,14.606289386749268,5.359879493713379
