,test_rmse,test_mae,fit_time,test_time
0,0.9810346206655464,0.7624732274070107,14.437142133712769,6.509927988052368
1,0.9694990137233989,0.7538278339910883,14.302021503448486,6.635033369064331
2,0.9802987115032729,0.7621656297228848,14.411121606826782,6.6270341873168945
3,0.9693793567255508,0.7524782115526505,14.30002212524414,6.631035804748535
4,0.9782034487072173,0.758175330914798,14.32604432106018,6.541956186294556
