,test_rmse,test_mae,fit_time,test_time
0,0.9802682977835925,0.758106258714691,20.577734231948853,6.0957112312316895
1,0.9758151153485862,0.7558098280524678,20.781912088394165,6.162621736526489
2,0.9801498092658997,0.7584996366787714,20.682827472686768,6.243684530258179
3,0.9704422456027315,0.748709712319325,20.6928391456604,6.2186620235443115
4,0.979733291704236,0.7595995466290723,20.88601541519165,6.2216644287109375
