,test_rmse,test_mae,fit_time,test_time
0,0.9948871162683399,0.7710695142733048,0.5865342617034912,1.3462257385253906
1,0.9939943393827554,0.7702445389191359,0.5825293064117432,1.334214210510254
2,0.9962315416855869,0.7745527051563315,0.586533784866333,1.3222036361694336
3,0.9936238637890515,0.7709695443472658,0.5835304260253906,1.3282091617584229
4,0.9908324211263728,0.7675609197280795,0.5795273780822754,1.3452246189117432
