,test_rmse,test_mae,fit_time,test_time
0,0.9677694518563064,0.7425121283094774,0.15914463996887207,1.134032964706421
1,0.9713536602977944,0.7449714468135125,0.16915178298950195,1.1360344886779785
2,0.9598497292721874,0.7375765133445674,0.17115569114685059,1.1220216751098633
3,0.9608059912765591,0.7371504163399242,0.16915369033813477,1.1330320835113525
4,0.9646336249755159,0.7389230684647056,0.17115569114685059,1.1150128841400146
