,test_rmse,test_mae,fit_time,test_time
0,0.9881659708869671,0.7699932998802804,14.363086700439453,4.777650594711304
1,0.9984658926337178,0.7768851665006969,14.347062349319458,5.029588937759399
2,0.9938112339229447,0.7733691294641979,14.397109270095825,4.972527742385864
3,1.0068199573048642,0.7825400844111714,14.439147233963013,4.959506988525391
4,0.9989966790307288,0.7767442580188134,14.474330425262451,4.839406251907349
