,test_rmse,test_mae,fit_time,test_time
0,0.9294873228185428,0.7179311441924202,3.2128758430480957,5.686249017715454
1,0.9328944435225472,0.7193640305686887,3.238896131515503,5.824213027954102
2,0.9176927257558202,0.7071220089506718,3.3019559383392334,5.785178184509277
3,0.9412027903841476,0.7247473858428762,3.209865093231201,5.741146564483643
4,0.9344590803477221,0.7191326990507844,3.2999558448791504,5.7361345291137695
