,test_rmse,test_mae,fit_time,test_time
0,0.9876608538373036,0.7672546030676685,14.379086256027222,5.2193968296051025
1,0.9841057465043458,0.7672319047799006,14.460145950317383,5.287445783615112
2,0.9931808234450106,0.7729164458997086,14.51519227027893,5.382533550262451
3,0.9860458359904293,0.7643049846971178,14.353055715560913,5.3625195026397705
4,0.9935131700306137,0.7719251784946658,14.543215036392212,5.333495140075684
