,test_rmse,test_mae,fit_time,test_time
0,0.9848151519519294,0.7663665371196183,14.262281656265259,5.318576335906982
1,0.9924097997736294,0.7712378544540192,14.291306257247925,5.446686744689941
2,0.9857582423000308,0.7680098916934892,14.349338054656982,5.392641067504883
3,0.9823493611185924,0.7642271830018503,14.468450546264648,5.408661603927612
4,0.9880436683320916,0.763592944563397,14.440425634384155,5.542760372161865
