,test_rmse,test_mae,fit_time,test_time
0,0.9766852538784853,0.756628167814304,20.502665281295776,6.277832269668579
1,0.9721611190230589,0.7518893715501114,20.669981956481934,6.389817476272583
2,0.9810340861727723,0.7573403150186114,20.694843769073486,6.353787422180176
3,0.9716893480389162,0.7533366610284753,20.73988628387451,6.4118359088897705
4,0.9771393152299652,0.7545834222419424,20.77391505241394,6.42885422706604
