,test_rmse,test_mae,fit_time,test_time
0,1.0885983376845332,0.8440876679409587,0.830744743347168,0.7306742668151855
1,1.0917209234783083,0.8477248172454691,0.8377628326416016,0.7386724948883057
2,1.0911690560092764,0.8459664000792515,0.8427677154541016,0.7256608009338379
3,1.0855373717636692,0.844314195000343,0.8878087997436523,0.7626938819885254
4,1.0858394444833224,0.8436000769050459,0.8347623348236084,0.788707971572876
