,test_rmse,test_mae,fit_time,test_time
0,0.999848080616767,0.7740816215240014,0.8627429008483887,1.2450799942016602
1,1.0006651885295306,0.7746606224924868,0.8667566776275635,1.250072956085205
2,0.9917945530217303,0.7669724729565783,0.8737547397613525,1.2460687160491943
3,1.005512095828028,0.7782575408727299,0.857738733291626,1.2500734329223633
4,0.9906511987070933,0.764964980052268,0.8687498569488525,1.2400641441345215
