,test_rmse,test_mae,fit_time,test_time
0,1.0043426957431583,0.7757192554020045,0.8617846965789795,1.1150240898132324
1,1.0080917178914013,0.7813017787888998,0.8397650718688965,1.1530494689941406
2,0.9973600247595131,0.7734842753748122,0.8377628326416016,1.1270265579223633
3,0.9915582625674241,0.7698979299622382,0.833080530166626,1.1250243186950684
4,0.9997523835027841,0.7742841332079273,0.8407652378082275,1.1130132675170898
