,test_rmse,test_mae,fit_time,test_time
0,0.9858169765398648,0.7636050062572514,14.412121057510376,6.188634395599365
1,0.9747707897011454,0.7580109052248283,14.383094549179077,6.353784561157227
2,0.9753073074166017,0.7574504195492313,14.398267030715942,6.196641206741333
3,0.9717413790268308,0.7571506161697618,14.515214443206787,6.205657720565796
4,0.9860642801779341,0.7654562614524074,14.532230138778687,6.141591310501099
