,test_rmse,test_mae,fit_time,test_time
0,0.965710847840557,0.7423940474952869,0.15953803062438965,1.2687537670135498
1,0.9661983114024418,0.7427796426658276,0.17215704917907715,1.2471354007720947
2,0.9766227008961329,0.7509437975871187,0.17215681076049805,1.237126350402832
3,0.9680476202308895,0.7444217580257381,0.17015504837036133,1.248136281967163
4,0.9718296450609042,0.7493767520681182,0.17115569114685059,1.242131233215332
