,test_rmse,test_mae,fit_time,test_time
0,0.9336059749108315,0.7175611999020906,3.1979191303253174,6.071518182754517
1,0.9337859753390073,0.7162946554251456,3.2290823459625244,6.22566294670105
2,0.9329266718449875,0.7226249553712784,3.262957811355591,6.188636541366577
3,0.9318867184894888,0.7173619456867344,3.2709646224975586,6.137590169906616
4,0.9249993543454483,0.7151151083497349,3.4571428298950195,6.150601863861084
