,test_rmse,test_mae,fit_time,test_time
0,0.9995378169325055,0.7734746389617749,0.8657772541046143,1.05997633934021
1,1.0052336158724269,0.7772735074174021,0.8427674770355225,1.0339415073394775
2,0.9981357421416283,0.7727267288096711,0.8377623558044434,1.0409479141235352
3,0.9999769303831514,0.7737697965991379,0.8347592353820801,1.0509569644927979
4,1.008458284983344,0.7802858293819787,0.8457698822021484,1.029937982559204
