,test_rmse,test_mae,fit_time,test_time
0,0.9811603875058581,0.7600106646165213,14.347980737686157,5.746191740036011
1,0.9801366982855207,0.7632528304032455,14.473082780838013,5.946374893188477
2,0.9816613471016982,0.763355476025419,14.54714059829712,5.860306262969971
3,0.9833552837576961,0.7630667514861155,14.447059154510498,5.8292694091796875
4,0.9837700396615494,0.7642077127058172,14.491098880767822,5.810251951217651
