,test_rmse,test_mae,fit_time,test_time
0,0.9777134043573986,0.7575830828743739,14.348047018051147,6.037490367889404
1,0.9765629318795367,0.7590406402012051,14.515187740325928,6.176616668701172
2,0.9888529216335973,0.7690963010334237,14.460148096084595,6.127741098403931
3,0.9766829234379282,0.7572230102821329,14.507107019424438,6.0675201416015625
4,0.9778207166159074,0.7603688680047707,14.585265874862671,6.158597469329834
