,test_rmse,test_mae,fit_time,test_time
0,0.9929445304708462,0.7706549523798067,0.5675218105316162,1.3261990547180176
1,0.9934199458304562,0.769267709749156,0.5755178928375244,1.3302021026611328
2,0.9967474256902045,0.7724468004540117,0.580610990524292,1.3371222019195557
3,0.9821255548552981,0.7592306609269345,0.5845696926116943,1.320143699645996
4,1.0050806617375516,0.7780020814400905,0.5695064067840576,1.3352067470550537
