,test_rmse,test_mae,fit_time,test_time
0,1.0028859381918256,0.775050379267896,0.8447444438934326,1.2661423683166504
1,0.9962555589114036,0.7711741587924347,0.8527634143829346,1.2882874011993408
2,0.9975555726382502,0.7730499453398059,0.8607707023620605,1.2691361904144287
3,1.0046916219554411,0.7775034029064373,0.8547625541687012,1.280137538909912
4,0.9954860666725126,0.7722491714742584,0.8648951053619385,1.280027151107788
