,test_rmse,test_mae,fit_time,test_time
0,1.0027686284393325,0.7771941758824675,0.5725171566009521,1.330211877822876
1,0.9997183064009936,0.7754779313048944,0.577523946762085,1.3231968879699707
2,0.995009124375732,0.7673261889820502,0.5805163383483887,1.3302130699157715
3,0.9883955859823017,0.7636467091957374,0.5905234813690186,1.3192026615142822
4,0.9912726851789693,0.7699170555702651,0.5765202045440674,1.3302021026611328
