,test_rmse,test_mae,fit_time,test_time
0,1.000511352511324,0.7713641909261504,0.5705196857452393,1.0299468040466309
1,1.001610282967492,0.772858893640423,0.5625119209289551,1.007917881011963
2,0.9959083926428057,0.7710026600725954,0.5665135383605957,0.9919030666351318
3,0.9948915947029361,0.7646181867711392,0.5645136833190918,1.0049149990081787
4,0.9994450444042882,0.7694316266395634,0.5695185661315918,0.9929039478302002
