,test_rmse,test_mae,fit_time,test_time
0,0.9734360040262295,0.7525105562655824,20.5236873626709,6.158599138259888
1,0.9761034407872816,0.756067960160958,20.59775161743164,6.3067426681518555
2,0.9784182868727922,0.7573109630346538,20.635788440704346,6.368799209594727
3,0.9769196639692167,0.7537461953122329,20.64578866958618,6.2306811809539795
4,0.9785512625697226,0.7579218014393129,20.626781463623047,6.246687889099121
