,test_rmse,test_mae,fit_time,test_time
0,0.9808644051911167,0.7568625525496957,20.843987464904785,6.412838935852051
1,0.9746895160506386,0.7543461672052311,20.6938419342041,6.593012094497681
2,0.9774211101873601,0.7567813390808993,20.758902072906494,6.660064220428467
3,0.9700710093887254,0.7492158241768018,20.833978414535522,6.506924629211426
4,0.9762387103788392,0.7547082185499688,20.734890699386597,6.490898847579956
