,test_rmse,test_mae,fit_time,test_time
0,0.9976434237932685,0.7692252470173248,0.8477718830108643,1.2321221828460693
1,0.9868187076252134,0.7659345969388314,0.8597829341888428,1.2491371631622314
2,1.0007009594430287,0.776030849815725,0.8647794723510742,1.2471437454223633
3,0.9996384800714102,0.7746423991972432,0.861792802810669,1.2501380443572998
4,0.9995990346358723,0.7731671576560265,0.8617839813232422,1.2571368217468262
