,test_rmse,test_mae,fit_time,test_time
0,1.001532748299896,0.773826853477847,0.8647787570953369,1.2761561870574951
1,0.9972919104146653,0.7719104542811325,0.8567662239074707,1.2901744842529297
2,1.0084923169852942,0.7818988295515994,0.8617875576019287,1.2891647815704346
3,0.9959830681144383,0.7706372275916787,0.8597683906555176,1.2901747226715088
4,0.9907232921926898,0.767345535256888,0.8537721633911133,1.2831511497497559
