,test_rmse,test_mae,fit_time,test_time
0,0.969774304294648,0.7496994362455939,0.16015219688415527,1.3181798458099365
1,0.966495093389255,0.7440306330494301,0.17415904998779297,1.3211817741394043
2,0.9778146015043503,0.7554882521704794,0.17716550827026367,1.3011646270751953
3,0.9776873047600804,0.7522599466493656,0.1751561164855957,1.3151772022247314
4,0.973455312452199,0.7485555822958426,0.17615437507629395,1.3091721534729004
