,test_rmse,test_mae,fit_time,test_time
0,0.9298113866166701,0.7179994935530065,3.2299413681030273,5.4679787158966064
1,0.9325749577226706,0.7172058518459852,3.307011127471924,5.551055192947388
2,0.9330653073372694,0.7188262192827523,3.250957727432251,5.611109256744385
3,0.9426263923188437,0.7270980214299765,3.2899937629699707,5.543047904968262
4,0.9351895218646462,0.7196148604981739,3.3040077686309814,5.620117425918579
