,test_rmse,test_mae,fit_time,test_time
0,0.9829846123599992,0.7586551506153165,0.1631486415863037,1.3502378463745117
1,0.967986037448758,0.7486996735921576,0.17615175247192383,1.3222150802612305
2,0.9785451155948842,0.7531608050055998,0.17716121673583984,1.323204755783081
3,0.9758409287009051,0.7524506293808869,0.17716097831726074,1.3272085189819336
4,0.9762639469449432,0.7530742541889622,0.17615985870361328,1.334214687347412
