,test_rmse,test_mae,fit_time,test_time
0,0.9911320287729269,0.7690162484555837,0.5695068836212158,1.2941324710845947
1,0.9868039276460913,0.766298169305381,0.58363938331604,1.308016061782837
2,0.995442246144021,0.7678827653869578,0.5825095176696777,1.3021395206451416
3,0.999695442526563,0.7732473154202083,0.5825114250183105,1.3031375408172607
4,0.992743391553022,0.7674266369463163,0.5835103988647461,1.301128625869751
