,test_rmse,test_mae,fit_time,test_time
0,0.9307228915629095,0.7153597844931839,3.180896043777466,5.310843467712402
1,0.9348884660256933,0.722745364714762,3.2309412956237793,5.376895427703857
2,0.9355463631611609,0.7202185747887012,3.293989658355713,5.482991695404053
3,0.9282650277543943,0.7162732653597208,3.237947702407837,5.4471259117126465
4,0.9351390806389607,0.7211963553281746,3.324016571044922,5.441962957382202
