,test_rmse,test_mae,fit_time,test_time
0,0.9830041418682794,0.7613331238145159,20.518239736557007,5.239403963088989
1,0.9950698892530122,0.771159386261065,20.839881420135498,5.430564880371094
2,0.9801727580568008,0.7606196546282143,20.854530096054077,5.408546686172485
3,0.9837162551247572,0.764105046401182,20.91257882118225,5.29144811630249
4,0.9804550642213409,0.7594840814144965,20.860532760620117,5.42656135559082
