,test_rmse,test_mae,fit_time,test_time
0,1.008403041467365,0.7852807630316969,20.32951021194458,4.142772197723389
1,1.0126307805756771,0.788364169403734,20.422595262527466,4.194819688796997
2,0.9999208913982084,0.7770843573830876,20.213396072387695,4.347959280014038
3,1.012889543006331,0.789561899959388,20.278463125228882,4.27289080619812
4,1.0086088913586502,0.7830165905273702,21.54161262512207,4.285911321640015
