,test_rmse,test_mae,fit_time,test_time
0,0.9875156781251484,0.7695607781237008,15.177820205688477,5.344866514205933
1,0.9931287321066187,0.7734922949869046,15.338968515396118,5.534036874771118
2,0.9903094559704617,0.7691866773621889,14.793470621109009,5.355876684188843
3,0.9977494822107562,0.7751640658188091,14.875543594360352,5.325849294662476
4,0.9926591301228195,0.771479440689053,14.718400955200195,5.449961185455322
