,test_rmse,test_mae,fit_time,test_time
0,0.9861555122469828,0.7674621247860199,14.526175022125244,5.795429229736328
1,0.9891015769071078,0.7679255109421932,14.447104215621948,5.980427265167236
2,0.9774645654680947,0.7596989336947864,14.395209550857544,6.022475004196167
3,0.9722028704871132,0.7551385398164322,14.403072357177734,6.015459299087524
4,0.9825078616519379,0.7639023028233063,14.538183212280273,6.022475481033325
