,test_rmse,test_mae,fit_time,test_time
0,0.9956270092532894,0.7704766185007415,0.5815083980560303,1.2951326370239258
1,1.000111426605759,0.7709426696625022,0.5795059204101562,1.2901287078857422
2,0.9888114262129848,0.7653499056932879,0.5775048732757568,1.3021485805511475
3,0.9924764297651826,0.7710646251721553,0.5805084705352783,1.3081438541412354
4,0.9883605830545459,0.7648133951991628,0.5775129795074463,1.3311562538146973
