,test_rmse,test_mae,fit_time,test_time
0,0.9273630582543138,0.7138512908556808,3.2179291248321533,6.297743558883667
1,0.9386315662049353,0.7239650833919846,3.2749814987182617,6.419844627380371
2,0.9312806280304946,0.7157129186617767,3.224933624267578,6.449872255325317
3,0.9290706103507084,0.7163197817569887,3.256965398788452,6.398817539215088
4,0.9343377331849485,0.7202221336887369,3.2799859046936035,6.463876724243164
