,test_rmse,test_mae,fit_time,test_time
0,0.9824369615018052,0.761025942300709,20.454609632492065,5.310726165771484
1,0.994555352491949,0.7691093736253751,20.682796955108643,5.539767026901245
2,0.9803271974802005,0.7604818149465772,20.92700695991516,5.429675340652466
3,0.9884886929130666,0.7637970983128176,20.811920404434204,5.298562049865723
4,0.9801015344664227,0.7620509584865454,20.627740144729614,5.296558380126953
