,test_rmse,test_mae,fit_time,test_time
0,0.9865281407961579,0.7627596289117928,0.5605099201202393,1.2161073684692383
1,1.0029826625636467,0.7759570821656616,0.5715203285217285,1.1760706901550293
2,0.9901480781134938,0.7629433036599749,0.5655145645141602,1.183077335357666
3,0.9919155773292248,0.7651856857357586,0.570518970489502,1.1880815029144287
4,0.994870855993024,0.7697925655040426,0.5705194473266602,1.1800742149353027
