,test_rmse,test_mae,fit_time,test_time
0,0.9845372761985461,0.7608438905131015,14.535234212875366,6.755160093307495
1,0.9655242330872815,0.7504979249635062,14.460156917572021,6.949339151382446
2,0.9804035103294445,0.7616934974790935,14.52921986579895,6.963502645492554
3,0.9678415918341082,0.7525872443729839,14.395166635513306,6.8612587451934814
4,0.9743204355933109,0.7562893548516845,14.516217708587646,6.933312654495239
