,test_rmse,test_mae,fit_time,test_time
0,1.0835269066048399,0.8451330750244237,14.49138617515564,4.084719181060791
1,1.0675937275062708,0.8358531188090287,14.714389085769653,4.175810813903809
2,1.0630638277943816,0.8319667239620256,14.696383953094482,3.933570384979248
3,1.0786853115146506,0.8433847878218176,14.660348415374756,3.9105608463287354
4,1.0828083250666114,0.8456151341337969,14.711387157440186,3.9826345443725586
