,test_rmse,test_mae,fit_time,test_time
0,0.9379836505411405,0.7226747334839797,3.244957208633423,6.631036996841431
1,0.9289237081693292,0.7154930509693301,3.2499663829803467,6.767164707183838
2,0.9375200435627506,0.7203162387816319,3.275979995727539,6.715113878250122
3,0.9261500278374487,0.7162282296910351,3.218930244445801,6.733283519744873
4,0.9312907777129376,0.7173699460289252,3.266974925994873,6.7911834716796875
