,test_rmse,test_mae,fit_time,test_time
0,0.9336102549827247,0.7188998253481288,3.207916498184204,6.073523283004761
1,0.9296679921810423,0.7159483658437824,3.2529561519622803,6.261693477630615
2,0.9334723297395587,0.7201495174595653,3.2799816131591797,6.201642036437988
3,0.9323288046793446,0.7209199735206929,3.249955415725708,6.27569842338562
4,0.9279403464031727,0.7120492818315308,3.2409465312957764,6.274705648422241
