,test_rmse,test_mae,fit_time,test_time
0,0.9260757161182309,0.7137326033700201,3.1418607234954834,5.0405895709991455
1,0.9321265799035923,0.7193722933413493,3.1748902797698975,5.16970682144165
2,0.9384875843657254,0.721207723354911,3.183117628097534,5.050598621368408
3,0.9426946036300621,0.7265636551116832,3.2489588260650635,5.062600135803223
4,0.9369845124021945,0.7239716027589875,3.2529618740081787,5.08362889289856
