,test_rmse,test_mae,fit_time,test_time
0,0.9804913257751803,0.7614762118519941,20.398547649383545,5.921385049819946
1,0.9888212891189048,0.7630839396031139,20.933035373687744,6.110564947128296
2,0.9711168979741454,0.752276894557377,20.734845638275146,5.970438003540039
3,0.9721596665753184,0.7492879780581883,20.850951194763184,6.021484851837158
4,0.982678616675649,0.7620216307237774,20.60888957977295,6.931306838989258
