,test_rmse,test_mae,fit_time,test_time
0,0.9739688963594952,0.7539778042925153,20.382561445236206,6.525932312011719
1,0.9733189805284327,0.7517258708242318,20.873015642166138,6.519934177398682
2,0.9774738808182264,0.7573570461599924,20.53869342803955,6.63203763961792
3,0.9835168972536046,0.7592042597268636,20.87201237678528,6.608016014099121
4,0.9680357301593114,0.7487542926997869,20.54971957206726,6.598007678985596
