,test_rmse,test_mae,fit_time,test_time
0,1.0398030222900856,0.8091737166245575,20.310492992401123,3.888540744781494
1,1.0420383283340446,0.8117205682426386,20.544952869415283,3.9616074562072754
2,1.0298001741072307,0.8047460273476209,20.789932250976562,3.9535975456237793
3,1.0376460891356993,0.8114521192712073,20.27562689781189,3.9375853538513184
4,1.0410293347552835,0.8133948373776275,20.725872039794922,3.9435901641845703
