,test_rmse,test_mae,fit_time,test_time
0,0.9746594805039209,0.7519715478340662,0.162153959274292,1.3231840133666992
1,0.9704161262435649,0.7487921620544243,0.17615675926208496,1.3061695098876953
2,0.9614502585515604,0.7396624117410086,0.17415499687194824,1.3121659755706787
3,0.9779443127153243,0.752502934181769,0.17815899848937988,1.3031692504882812
4,0.9834937190895905,0.7569104688458719,0.17916011810302734,1.29215669631958
