,test_rmse,test_mae,fit_time,test_time
0,0.9679933401801522,0.7400161568550834,0.1581411361694336,0.8777997493743896
1,0.9750985267229783,0.7446194965963645,0.1881709098815918,0.8637955188751221
2,0.9607846856203861,0.7347897655667501,0.1711559295654297,0.8457701206207275
3,0.970994515839958,0.7451990874735472,0.17115569114685059,0.8537776470184326
4,0.9765449188518899,0.7458695636942179,0.17015480995178223,0.8567800521850586
