,test_rmse,test_mae,fit_time,test_time
0,0.9959820406319543,0.7725018183017275,0.8758084774017334,1.2671401500701904
1,0.9998901799479865,0.774591255407532,0.8577916622161865,1.2662732601165771
2,1.0013316391729363,0.7751271106086679,0.856778621673584,1.2791547775268555
3,0.9995219568184314,0.7707093664047802,0.84977126121521,1.290173053741455
4,0.9947526772930402,0.7710884264402235,0.8537747859954834,1.2801644802093506
