,test_rmse,test_mae,fit_time,test_time
0,0.9689455950800426,0.7476398200130606,20.750048875808716,6.309754848480225
1,0.975067920882901,0.7525218072834919,20.610758066177368,6.436869382858276
2,0.983066582342246,0.75793509711854,20.906033277511597,6.506924867630005
3,0.9856748999015111,0.7631248782657138,20.93206763267517,6.4389941692352295
4,0.9717994591324054,0.7538952319310852,20.856991052627563,6.5059239864349365
