,test_rmse,test_mae,fit_time,test_time
0,0.9906024863712765,0.7686058782330444,0.8577902317047119,1.2481367588043213
1,0.9977198720879271,0.7734414947021567,0.8587822914123535,1.2601475715637207
2,1.0038488094855205,0.7763897110340758,0.8617846965789795,1.2671542167663574
3,0.9977643604302792,0.7706934962679135,0.8587820529937744,1.2571444511413574
4,0.9922516742757753,0.7689090766108295,0.8657963275909424,1.250138759613037
