,test_rmse,test_mae,fit_time,test_time
0,0.9800637216552789,0.7605874051664487,20.84797167778015,6.003473997116089
1,0.9794658122660632,0.7579304599055555,20.522675037384033,6.172620058059692
2,0.9799731336994506,0.759983149714519,20.891028881072998,6.131584405899048
3,0.9759741481156025,0.7555885474468543,20.76790714263916,6.166606426239014
4,0.9732612129026547,0.7493044488453376,20.755897045135498,6.178624391555786
