,test_rmse,test_mae,fit_time,test_time
0,0.9860165842026734,0.7610145647713923,0.5595004558563232,1.1830863952636719
1,0.9932594076575141,0.7670863393194852,0.5655148029327393,1.1840782165527344
2,1.000282308689152,0.7740731190613709,0.5695185661315918,1.1710662841796875
3,0.9972209880564578,0.7703340785294394,0.5715203285217285,1.1902453899383545
4,0.9975861207162992,0.7694834846662431,0.5675170421600342,1.1900835037231445
