,test_rmse,test_mae,fit_time,test_time
0,0.9411844945571212,0.7236336884108219,3.185901165008545,5.222755193710327
1,0.9321085000003797,0.7173047795111538,3.2309415340423584,5.310835361480713
2,0.9308132981422153,0.7192688500928439,3.2359459400177,5.345867395401001
3,0.9317883403079086,0.7193969605813378,3.2089242935180664,5.318840026855469
4,0.9337710478747739,0.7207493397176239,3.256962776184082,5.301989555358887
