,test_rmse,test_mae,fit_time,test_time
0,0.9754730291445156,0.7591440982792518,14.451159000396729,6.616032123565674
1,0.9797007474742925,0.7595913438837836,14.299018621444702,6.848235845565796
2,0.9761665323089525,0.7595974847204858,14.736419916152954,6.627034664154053
3,0.9787594053053569,0.7574869062967113,14.377089738845825,6.925297498703003
4,0.9685154481186244,0.7506822552443628,14.411128759384155,6.7151148319244385
