,test_rmse,test_mae,fit_time,test_time
0,0.9794189440009446,0.7564764149452051,20.640789270401,5.92439341545105
1,0.9716060270412008,0.7545117241103861,20.500664949417114,6.230675220489502
2,0.9773610716409501,0.7569658007442213,20.558876752853394,6.122574806213379
3,0.990374614415495,0.7641257033079027,21.179282426834106,6.058506727218628
4,0.9736717106928916,0.7526931417147099,20.842978477478027,6.0414979457855225
