,test_rmse,test_mae,fit_time,test_time
0,0.980045757931417,0.7565674370129274,20.714861392974854,6.121582984924316
1,0.977540801725767,0.7562666529233154,20.568721532821655,6.276713848114014
2,0.9741366106342918,0.7548752092788102,20.596749782562256,6.291728734970093
3,0.9766546007222778,0.7574369579395747,21.029146671295166,6.313910245895386
4,0.9760392353139096,0.7531739062928757,20.903030395507812,6.324758768081665
