,test_rmse,test_mae,fit_time,test_time
0,0.9807485904805541,0.7550741442959212,0.1631484031677246,1.3362178802490234
1,0.9838512791957842,0.7562488528525815,0.17515897750854492,1.3302104473114014
2,0.965854669966031,0.7463030747319122,0.17415833473205566,1.3402190208435059
3,0.9651349622403472,0.7455975624119475,0.17416071891784668,1.3522281646728516
4,0.9747432194903913,0.7519951843470685,0.1731576919555664,1.3412210941314697
