,test_rmse,test_mae,fit_time,test_time
0,0.9775802997067152,0.7578721995326871,0.16915321350097656,1.3292100429534912
1,0.983898825909511,0.7576945492682255,0.1731572151184082,1.3352141380310059
2,0.9700454506088727,0.7481447040470096,0.17415809631347656,1.3322124481201172
3,0.9794071295562885,0.7529711509922983,0.17515921592712402,1.3212018013000488
4,0.9724278470560294,0.7499284747365327,0.17515873908996582,1.3332140445709229
