,test_rmse,test_mae,fit_time,test_time
0,0.9357554911875552,0.7223661137842174,3.1959097385406494,6.539955139160156
1,0.9329418963716918,0.7170176929984478,3.2359459400177,6.758153438568115
2,0.9303156530370249,0.716601725546507,3.2489583492279053,6.734133958816528
3,0.9316313739676001,0.7183749382269349,3.2688703536987305,6.8792724609375
4,0.9365284847262052,0.7204783475652586,3.3250300884246826,6.660061597824097
