,test_rmse,test_mae,fit_time,test_time
0,1.0247089817059485,0.7967547406717499,14.224960565567017,4.125756740570068
1,1.0213980781391656,0.7976796946499556,14.23496150970459,4.337952375411987
2,1.0176148291429095,0.7941747197469097,14.323032855987549,4.251882791519165
3,1.011983894218546,0.7942099815804744,14.187918424606323,4.255875110626221
4,1.0202083771166182,0.7978879242189476,14.244970083236694,4.316930532455444
