,test_rmse,test_mae,fit_time,test_time
0,0.9700054533597484,0.7523092606150059,14.487188816070557,6.239672422409058
1,0.9746898245098127,0.75765628577428,14.427135229110718,6.390975713729858
2,0.9763427775114288,0.757559422275907,14.617308139801025,6.427852153778076
3,0.9890184524760459,0.7702085406194614,14.442140102386475,6.45888090133667
4,0.9767393135203715,0.7576971060007368,14.7193922996521,6.363793611526489
