,test_rmse,test_mae,fit_time,test_time
0,1.095320795015275,0.8540495581249258,14.14603328704834,3.6683402061462402
1,1.1136777054657965,0.8715553374681844,14.227955102920532,3.861515760421753
2,1.094983002901903,0.8542996865021871,14.264988660812378,3.8625171184539795
3,1.08909203685473,0.8479718920320145,14.213100910186768,3.829486846923828
4,1.1074425702819974,0.8611675935829075,14.158891677856445,3.842499256134033
