,test_rmse,test_mae,fit_time,test_time
0,0.9903837308371901,0.7659725077590135,0.5765159130096436,1.2501471042633057
1,0.9951679256455874,0.7694261278477329,0.5675168037414551,1.2221121788024902
2,0.9984760047248787,0.769918796016338,0.5715200901031494,1.2311208248138428
3,0.9881378795718693,0.7621682662137537,0.567516565322876,1.248136043548584
4,1.0007450321403526,0.7737405620851667,0.5695180892944336,1.226116418838501
