,test_rmse,test_mae,fit_time,test_time
0,0.9818843134539513,0.7633379342678651,14.485092878341675,5.683146238327026
1,0.9800458756279553,0.7609358902120602,14.348961353302002,5.768223524093628
2,0.9806859535541986,0.7626244313222464,14.539133310317993,5.815265655517578
3,0.9864197833130065,0.7658288168451106,14.376985549926758,5.726185321807861
4,0.9859098665455077,0.7645836704641129,14.406020641326904,5.712172746658325
