,test_rmse,test_mae,fit_time,test_time
0,0.975181261371026,0.757315208941093,14.38509726524353,6.787183046340942
1,0.976469188326856,0.758194453727102,14.34705400466919,7.012394666671753
2,0.967343942492422,0.7493893082419582,14.449148416519165,7.037407875061035
3,0.9782966837952466,0.760771748297417,14.497199296951294,6.926306486129761
4,0.9727320273156774,0.7564014101778678,14.624471664428711,6.919300079345703
