,test_rmse,test_mae,fit_time,test_time
0,0.9793590381120576,0.7581209595707467,20.692100048065186,5.369697093963623
1,0.9761742947854917,0.7581990652383905,20.747283935546875,5.49580717086792
2,0.993426774255442,0.76941700636598,20.889272689819336,5.58688759803772
3,0.9804419048573241,0.7592612526435158,20.93930745124817,5.4377686977386475
4,0.984517186608967,0.763234019688154,20.94231081008911,5.3827173709869385
