,test_rmse,test_mae,fit_time,test_time
0,0.998243326411226,0.7728416891875545,0.5675256252288818,1.3212029933929443
1,1.000793853839516,0.7711904571182719,0.575523853302002,1.3432257175445557
2,0.988883441946236,0.7669311900842932,0.5795283317565918,1.3322124481201172
3,0.9929584797962342,0.770191185261497,0.5775258541107178,1.3512301445007324
4,0.9911805592671621,0.7696027167045135,0.5845324993133545,1.3482189178466797
