,test_rmse,test_mae,fit_time,test_time
0,0.9305047378463673,0.715230580050421,3.2259278297424316,6.270718812942505
1,0.9259241083743177,0.7111464704200875,3.2960011959075928,6.42183780670166
2,0.9264550269051294,0.7157691559116114,3.3082387447357178,6.5819926261901855
3,0.9371721778909867,0.7219769994517521,3.2339413166046143,6.477897882461548
4,0.9404776568744252,0.7255517607344576,3.2689757347106934,6.4809889793396
