,test_rmse,test_mae,fit_time,test_time
0,0.9662830593036429,0.7431857181252364,0.16814184188842773,1.2381365299224854
1,0.9810222696236235,0.7513599387448804,0.17115569114685059,1.1930866241455078
2,0.9622215925540958,0.7400234533509104,0.17115569114685059,1.1840782165527344
3,0.9583513439613982,0.7370775088157758,0.17015480995178223,1.1920881271362305
4,0.9637482126231105,0.7397812136445105,0.17015504837036133,1.1920855045318604
