,test_rmse,test_mae,fit_time,test_time
0,0.9707024952489205,0.7533382592297938,20.590725898742676,5.7932655811309814
1,0.9836026201547108,0.7602947097176154,20.545682668685913,5.946409463882446
2,0.9801082851888557,0.7556091676792739,20.41456365585327,5.932396650314331
3,0.9812185874312008,0.7596858104578349,20.80292510986328,6.007462978363037
4,0.9785766258699379,0.7587100311310314,20.653781175613403,6.008463621139526
