,test_rmse,test_mae,fit_time,test_time
0,0.9826567030629892,0.7593271959310026,14.474169492721558,6.370812654495239
1,0.9790843917917043,0.7592493404330333,14.527227401733398,6.614022254943848
2,0.97514566412763,0.7582747673734128,14.412122964859009,6.538944721221924
3,0.978906532349909,0.7607256383367694,14.353068590164185,6.565978527069092
4,0.9680247709768559,0.7541580629531394,14.52423644065857,6.526939868927002
