,test_rmse,test_mae,fit_time,test_time
0,1.0687190279739542,0.8129870056858811,0.1681532859802246,0.7396726608276367
1,1.0571413927479452,0.8040518102137312,0.17916274070739746,0.7376632690429688
2,1.0753371778842546,0.8204551110900713,0.1881716251373291,0.7166612148284912
3,1.0755369717560845,0.8157419737832826,0.17215633392333984,0.731666088104248
4,1.0762383688273107,0.819944073396231,0.1781623363494873,0.7276651859283447
