,test_rmse,test_mae,fit_time,test_time
0,0.9959252269162405,0.7709854668561154,0.5705187320709229,1.3252158164978027
1,0.9929185038753283,0.7685336419628762,0.575524091720581,1.336216688156128
2,0.9906018429287891,0.7669010005998116,0.5745229721069336,1.32920241355896
3,0.9939969846349478,0.7714453338515458,0.5865259170532227,1.3392276763916016
4,0.9976347220008748,0.7746608232227256,0.5825281143188477,1.3252065181732178
