,test_rmse,test_mae,fit_time,test_time
0,1.007187550798077,0.7827754972517642,14.241967678070068,4.457049369812012
1,1.0048377282802459,0.7813867035088127,14.19107985496521,4.518113851547241
2,1.0059117125475507,0.7876344253246488,14.392104625701904,4.4950926303863525
3,1.0015646351091094,0.7816956212869831,14.261986017227173,4.508104562759399
4,1.001831476731824,0.782096112473014,14.412113666534424,4.587185859680176
