,test_rmse,test_mae,fit_time,test_time
0,0.9963342581660884,0.7699649948503933,0.5635042190551758,1.3252155780792236
1,0.995493799290535,0.7740266516080778,0.5755152702331543,1.3282206058502197
2,0.9980286570563388,0.7716869684011142,0.5735228061676025,1.337216854095459
3,0.9825330272019899,0.7623799081873635,0.5825209617614746,1.3272085189819336
4,1.0033660858015485,0.7772723849513351,0.5785260200500488,1.334214687347412
