,test_rmse,test_mae,fit_time,test_time
0,0.9739938327424481,0.7541132635017644,14.380091905593872,6.2376790046691895
1,0.9803691723231589,0.7627336764543137,14.428135633468628,6.362784385681152
2,0.9744057975170285,0.756860768281398,14.398108720779419,6.365795135498047
3,0.9818351206691679,0.7630812747842871,14.277995824813843,6.316751480102539
4,0.9790308216085641,0.759141030691622,14.387097835540771,6.3447771072387695
