,test_rmse,test_mae,fit_time,test_time
0,0.9789199246807956,0.7589216401313621,14.476187944412231,6.120575428009033
1,0.9710402488403519,0.7561436889530172,14.322035789489746,6.286723375320435
2,0.9835676781889076,0.7625526291952791,14.566262483596802,6.304736614227295
3,0.9687550982401937,0.7541602833638776,14.355068445205688,6.312747240066528
4,0.9851144668392459,0.7631966568192066,14.29000973701477,6.2677061557769775
