,test_rmse,test_mae,fit_time,test_time
0,0.9637515198012968,0.7493172324860878,14.517218828201294,6.604012966156006
1,0.9812009436560392,0.7634678270986446,14.36608076095581,6.784176588058472
2,0.9764004985292758,0.7562136878097822,14.45916485786438,6.768162727355957
3,0.9733566313276553,0.7536814819970843,14.420127868652344,6.677079677581787
4,0.9823008776776009,0.7627866560867744,14.609473466873169,6.712111949920654
