,test_rmse,test_mae,fit_time,test_time
0,0.9742955539636041,0.749966580471995,0.16013765335083008,1.2981173992156982
1,0.977059749088167,0.749912668990488,0.17515969276428223,1.2801015377044678
2,0.9676741045806222,0.7469441822784905,0.1721479892730713,1.3001210689544678
3,0.9730612637232433,0.7484771412523412,0.17314910888671875,1.2951116561889648
4,0.9647219568836464,0.7420758113526678,0.17314887046813965,1.3001189231872559
