,test_rmse,test_mae,fit_time,test_time
0,0.9990232251021101,0.7739882636168899,0.8547878265380859,1.248136043548584
1,0.9988658156320233,0.7732300657392414,0.8567824363708496,1.2521376609802246
2,0.9973654509811203,0.7729016088275192,0.8567805290222168,1.272157907485962
3,0.9888242009463009,0.7695187948137997,0.8517756462097168,1.2641510963439941
4,1.0053544167478436,0.7732399686161924,0.852776050567627,1.260148048400879
