,test_rmse,test_mae,fit_time,test_time
0,0.995273009009205,0.7731895627964127,0.8637864589691162,1.0529680252075195
1,1.0032636965777542,0.7781253341641159,0.8377552032470703,1.068981409072876
2,0.996714849302289,0.7719285244099312,0.8297553062438965,1.0689735412597656
3,1.0120420507722414,0.7813380812088803,0.8347601890563965,1.0549607276916504
4,1.006121125502811,0.7776814146857443,0.8367619514465332,1.053959608078003
