,test_rmse,test_mae,fit_time,test_time
0,0.9410440611076242,0.7237683685060067,3.1498680114746094,4.420024633407593
1,0.9323587582066855,0.7191455880829586,3.1828882694244385,4.470079660415649
2,0.9466524163267827,0.7322409796256576,3.202916383743286,4.539132595062256
3,0.9411075226206049,0.7287775969473249,3.215928554534912,4.4520533084869385
4,0.9418571697221312,0.7292316534491164,3.245955467224121,4.546131134033203
