,test_rmse,test_mae,fit_time,test_time
0,0.9221045859849221,0.7125118712702474,3.18589186668396,6.75415825843811
1,0.9312086942883838,0.7168151725122218,3.2419512271881104,6.941318511962891
2,0.9372754744882514,0.7220329267776872,3.3220274448394775,6.885266304016113
3,0.9385671695190292,0.7219925674089068,3.229933261871338,6.783184051513672
4,0.936653107702661,0.7213674728320132,3.299003839492798,6.855242013931274
