,test_rmse,test_mae,fit_time,test_time
0,0.9802729505433737,0.7616512801012588,14.587280511856079,6.230681657791138
1,0.9753655750929052,0.7596897645360171,14.343048810958862,6.306751251220703
2,0.9712020700802118,0.7531294519120434,14.358060359954834,6.415850400924683
3,0.9822365621914715,0.7615213519418083,14.393094301223755,6.300745964050293
4,0.9800698364046322,0.7592192247492927,14.393094301223755,6.279726266860962
