,test_rmse,test_mae,fit_time,test_time
0,0.9692139109387763,0.7492994648327476,0.1601548194885254,1.3372089862823486
1,0.9744040119846417,0.7518867889678246,0.17616915702819824,1.3212053775787354
2,0.979868979043641,0.7543749569894099,0.17715215682983398,1.3343791961669922
3,0.9735990395863244,0.7503606584156793,0.17415857315063477,1.331211805343628
4,0.9851189732904351,0.7609211167962772,0.1731553077697754,1.3372175693511963
