,test_rmse,test_mae,fit_time,test_time
0,0.9388378222671568,0.7228374335377674,3.2689850330352783,6.410836458206177
1,0.9317875028503906,0.7157592830270064,3.2339441776275635,6.696096420288086
2,0.9317435875177215,0.7174550342632152,3.277984619140625,6.63104510307312
3,0.929025765608602,0.7159151598303781,3.2889857292175293,6.5369603633880615
4,0.9306073078057286,0.7192337197271845,3.2659730911254883,6.491910696029663
