,test_rmse,test_mae,fit_time,test_time
0,0.9904216227528524,0.7675843577060518,20.385725736618042,5.0405895709991455
1,0.9906769997483689,0.7669346744218172,20.587746143341064,5.0437538623809814
2,0.9810846991623671,0.7643956258843503,20.628775119781494,5.041598558425903
3,0.9849303576300374,0.7658619104245151,20.57373309135437,5.057605028152466
4,0.9966868199557508,0.7726268365638582,20.614941596984863,5.050598621368408
