,test_rmse,test_mae,fit_time,test_time
0,0.933039378374481,0.7201577747759533,3.31402587890625,6.4228479862213135
1,0.933589736997562,0.7188022128108805,3.2249279022216797,6.440871953964233
2,0.9312357969297119,0.7186883926013262,3.252953290939331,6.567123889923096
3,0.9295539594259213,0.7135240621049362,3.2769832611083984,6.482902526855469
4,0.9331038802280378,0.7195703087232609,3.3160109519958496,6.595012664794922
