,test_rmse,test_mae,fit_time,test_time
0,0.9780484479249306,0.7523793952815956,0.16915392875671387,1.3352243900299072
1,0.9780845894768428,0.7542242933425135,0.1731576919555664,1.3292102813720703
2,0.9740571216080349,0.753725976081709,0.17415070533752441,1.321211576461792
3,0.9798338286488343,0.75472442946145,0.17615795135498047,1.3282010555267334
4,0.9792955488121176,0.7566064501427686,0.1771533489227295,1.324213981628418
