,test_rmse,test_mae,fit_time,test_time
0,0.9648805467827007,0.7394335514568222,0.1561422348022461,1.0589642524719238
1,0.9655166638077785,0.7390478239922756,0.17215943336486816,1.0399444103240967
2,0.9666043645476727,0.7402118652048061,0.1731553077697754,1.0389461517333984
3,0.9593403089460558,0.7358730617354858,0.1731553077697754,1.029937982559204
4,0.9553805135023614,0.7327503476389782,0.17415833473205566,1.0259342193603516
