,test_rmse,test_mae,fit_time,test_time
0,0.9521189561844283,0.7333629091754533,3.1939072608947754,4.1637914180755615
1,0.9526566255724863,0.7380294692194932,3.1848998069763184,4.2738938331604
2,0.9516473125563932,0.737112557920597,3.1959097385406494,4.277054786682129
3,0.9499052396601798,0.7336783954623197,3.19490909576416,4.312927007675171
4,0.9568373950911568,0.7402547666519119,3.2049179077148438,4.199824333190918
