,test_rmse,test_mae,fit_time,test_time
0,1.0069262047432728,0.7801955121006884,0.845761775970459,1.2631583213806152
1,0.9915278255700513,0.7680923276075794,0.8577778339385986,1.2651524543762207
2,1.001309685318638,0.7754356164300601,0.8577797412872314,1.2611486911773682
3,1.0017132288687973,0.7751677646166942,0.8597941398620605,1.269153118133545
4,0.9934934694189068,0.7705633913563891,0.8567802906036377,1.2491374015808105
