,test_rmse,test_mae,fit_time,test_time
0,0.9338853838426597,0.7188899205683776,3.1907992362976074,5.609907388687134
1,0.9217727522055081,0.711514952227143,3.2408347129821777,5.717160224914551
2,0.92622281299511,0.7137401074680597,3.2688488960266113,5.8180975914001465
3,0.9423483138417775,0.7266553767375361,3.2458388805389404,5.716000080108643
4,0.9304978381573015,0.7171549039403496,3.3159000873565674,5.814085960388184
