,test_rmse,test_mae,fit_time,test_time
0,0.9702320747902051,0.7501269236579219,0.16014528274536133,1.343221664428711
1,0.9730828279070163,0.7502602086916426,0.1731572151184082,1.3252027034759521
2,0.9795296584068276,0.7531538863454197,0.1761622428894043,1.3181939125061035
3,0.9712568871748849,0.7505236973252778,0.17415571212768555,1.335212230682373
4,0.9766625915378974,0.7514472744319953,0.17415809631347656,1.327204942703247
