,test_rmse,test_mae,fit_time,test_time
0,0.979064404640204,0.7603630932382176,14.411104202270508,6.108563423156738
1,0.9782369121705807,0.7585826423968878,14.453336954116821,6.185624599456787
2,0.980328647714735,0.7652073944328219,14.57524585723877,6.24568772315979
3,0.9766840816518838,0.7545251350268996,14.574260711669922,6.091541767120361
4,0.982837136625336,0.7648961194294432,14.560239791870117,6.253686904907227
