,test_rmse,test_mae,fit_time,test_time
0,1.3638228983861669,1.0222719258522281,20.25544285774231,3.3410422801971436
1,1.3649720241435412,1.0173957747120954,20.326507806777954,3.5432260036468506
2,1.345837870436123,1.0066025075807068,20.52668857574463,3.511197566986084
3,1.3449482913934916,1.0030929534232762,20.350537061691284,3.41210675239563
4,1.364758067222648,1.0228931659667015,20.414737701416016,3.5051913261413574
