,test_rmse,test_mae,fit_time,test_time
0,0.9739161762891022,0.7537307789668011,20.857991456985474,6.527953147888184
1,0.9828684949272632,0.758159944500453,20.729039430618286,6.664064884185791
2,0.9715532686712607,0.750365337618406,20.716854333877563,6.651064157485962
3,0.9672476951675449,0.7488057971576646,20.460628747940063,6.617024660110474
4,0.9817115187152782,0.759370353747404,20.600759744644165,6.584993124008179
