,test_rmse,test_mae,fit_time,test_time
0,0.9751748732231237,0.7573955770467375,14.488189220428467,6.113566160202026
1,0.9768938076408809,0.7587085016062769,14.326203346252441,6.273712158203125
2,0.9806078697173584,0.7588290083614107,14.455151319503784,6.395831346511841
3,0.9809537027847934,0.7622496369495456,14.451146125793457,6.186776876449585
4,0.9779139473630716,0.759213854685877,14.705388307571411,6.27270245552063
