,test_rmse,test_mae,fit_time,test_time
0,1.0009816742153983,0.7700196509824646,0.5605015754699707,1.0499649047851562
1,0.9882486620907431,0.7653379002559674,0.5625121593475342,1.051957607269287
2,1.001912661475464,0.7692143528139962,0.5605101585388184,1.0609660148620605
3,0.993730226146284,0.7654648630465272,0.5595014095306396,1.0499556064605713
4,1.0015809306987566,0.7731823775149039,0.565514087677002,1.0399470329284668
