,test_rmse,test_mae,fit_time,test_time
0,0.9394265673104362,0.7251340392472774,3.162879467010498,4.461061954498291
1,0.9386381644562445,0.7249105815614398,3.207911968231201,4.619214296340942
2,0.9424793075788066,0.7299531307446253,3.2549545764923096,4.6452391147613525
3,0.9438777665475169,0.7283288177571611,3.1979117393493652,4.5891783237457275
4,0.9374802953558816,0.7241177051888589,3.262970447540283,4.552144289016724
