,test_rmse,test_mae,fit_time,test_time
0,1.001455425328879,0.7734553505797931,0.866797685623169,1.2591466903686523
1,0.9966662628998524,0.7718077348455774,0.8597831726074219,1.2651515007019043
2,0.9999603926571854,0.7742217229115347,0.8629200458526611,1.2551429271697998
3,0.9960299960757695,0.7714234105475546,0.8657879829406738,1.2471356391906738
4,1.0037794850254236,0.7782879291523502,0.862785816192627,1.2481365203857422
