,test_rmse,test_mae,fit_time,test_time
0,0.9783972990516224,0.759356800295818,14.475181818008423,6.303735971450806
1,0.9780652550155259,0.7583963755353781,14.240973711013794,6.455877780914307
2,0.976577402416019,0.7572946513085381,14.376088380813599,6.4258503913879395
3,0.9780980689963112,0.7618886082020344,14.468172550201416,6.454876184463501
4,0.9760522711689285,0.7572893993029993,14.64632511138916,6.410836935043335
