,test_rmse,test_mae,fit_time,test_time
0,1.0046904070817932,0.7730949732821417,0.5555062294006348,1.1180181503295898
1,0.9926524588916023,0.7649063894581664,0.5655152797698975,1.1110115051269531
2,0.9900857515616307,0.7635773589289707,0.5635108947753906,1.100001573562622
3,0.9973224046311869,0.772808480086616,0.5625121593475342,1.0899927616119385
4,0.9871390589792074,0.7604452205970756,0.5635132789611816,1.1110119819641113
