,test_rmse,test_mae,fit_time,test_time
0,1.0132658879628147,0.7879970054944501,20.358545780181885,4.25687837600708
1,1.0083224510230098,0.7835830476290989,20.43976902961731,4.342957496643066
2,0.9968046662505061,0.7782196924094431,20.70184898376465,4.34195613861084
3,1.003131098043491,0.7810418630455535,20.390724658966064,4.243864297866821
4,1.0005051280598853,0.7785628563781967,20.719866037368774,4.314929008483887
