,test_rmse,test_mae,fit_time,test_time
0,0.9960496399631872,0.7726945142399716,0.8637862205505371,1.2341325283050537
1,1.004195452918399,0.7772920135237448,0.8557796478271484,1.2411303520202637
2,1.0057271057621695,0.7798723583933846,0.8607840538024902,1.253140926361084
3,0.9911455936258123,0.767957539912198,0.8677899837493896,1.248136281967163
4,0.9961014205199417,0.7694873334430894,0.8627851009368896,1.247136116027832
