,test_rmse,test_mae,fit_time,test_time
0,1.0072662054829171,0.7792080181155256,0.8487303256988525,1.2630984783172607
1,0.9955877261424048,0.7716256689753321,0.8577299118041992,1.2570905685424805
2,1.002451477054242,0.7761515703397696,0.863743782043457,1.24906587600708
3,0.9963330521033751,0.7712316078961232,0.8587391376495361,1.261087417602539
4,0.9944966302078798,0.7684059838553315,0.8597393035888672,1.2610852718353271
