,test_rmse,test_mae,fit_time,test_time
0,0.9837472181159471,0.759956018640985,0.17415857315063477,1.3252146244049072
1,0.9775823347197986,0.7539812444890075,0.17615699768066406,1.320202112197876
2,0.9757447129417507,0.7551129084994115,0.1771695613861084,1.3222036361694336
3,0.9687529172884065,0.746788496005042,0.17816162109375,1.3382182121276855
4,0.9710433189323721,0.74793884333479,0.17515873908996582,1.3352155685424805
