,test_rmse,test_mae,fit_time,test_time
0,0.9759506531094101,0.7542235453839864,20.817946195602417,6.591001272201538
1,0.9724690732692225,0.7524848353484592,20.464784383773804,6.376805782318115
2,0.9721649670716036,0.7498251092254741,20.626783847808838,6.500919342041016
3,0.9815872705760625,0.7571568506621373,20.827972888946533,6.473897218704224
4,0.9808698733315689,0.7584840371245866,20.66081190109253,6.47589635848999
