,test_rmse,test_mae,fit_time,test_time
0,0.9915224393659137,0.7695149157792958,20.309491872787476,5.197741985321045
1,0.9777028491815878,0.7609121355523963,20.486654043197632,5.262791872024536
2,0.9886376297130608,0.7686935597832344,20.463624238967896,5.157705068588257
3,0.9803948663504913,0.7615300996209121,20.69384479522705,5.250778436660767
4,0.9890492890203019,0.7626255562808312,20.728864908218384,5.22575831413269
