,test_rmse,test_mae,fit_time,test_time
0,0.9886084779656029,0.7689011455656348,14.357858896255493,5.6310319900512695
1,0.9804008994245691,0.762402010054806,14.40088701248169,5.670075416564941
2,0.9846318760916691,0.765122009561674,14.664116859436035,5.734140634536743
3,0.9775994478537644,0.7593444798501232,14.422900438308716,5.686097860336304
4,0.9850675382913187,0.764139959993754,14.540013790130615,5.652058839797974
