,test_rmse,test_mae,fit_time,test_time
0,0.975838871708675,0.7545595064181211,20.788904666900635,5.986443519592285
1,0.9826497575707895,0.759322288192487,20.817930698394775,6.042494773864746
2,0.9748431855786908,0.7567969296556633,20.422570943832397,5.892360210418701
3,0.9839952979392801,0.7601730979162457,20.545680046081543,6.0064616203308105
4,0.97156975148483,0.7528704477449529,20.554691076278687,5.9984540939331055
