,test_rmse,test_mae,fit_time,test_time
0,0.9824809210283046,0.7592826838501336,20.733005046844482,5.823297739028931
1,0.9816653634219868,0.7588090947040446,20.598727464675903,5.94740891456604
2,0.9718709951775548,0.7538615303583375,20.487627506256104,6.048500061035156
3,0.9806205209089669,0.7567254314923062,20.7028226852417,5.830304145812988
4,0.9816396018463927,0.7599361153277472,20.520657062530518,5.994453430175781
