,test_rmse,test_mae,fit_time,test_time
0,0.9756303541113793,0.753443757760372,0.1631488800048828,1.3402223587036133
1,0.9713773783014252,0.7494782702928744,0.17515969276428223,1.3171989917755127
2,0.977771531410015,0.7519921783200626,0.17415738105773926,1.3332138061523438
3,0.9799442713818767,0.7562891818033766,0.17622089385986328,1.3301498889923096
4,0.9706942692246486,0.7479502590497062,0.17415618896484375,1.3332135677337646
