,test_rmse,test_mae,fit_time,test_time
0,1.0485728081352657,0.8187074472746199,14.270002126693726,3.810469627380371
1,1.0571206819381367,0.8255214153847891,14.079828977584839,4.046684503555298
2,1.0569308880459383,0.8232512834304908,14.18991994857788,3.9405879974365234
3,1.0518919250008254,0.8206790821632441,14.338046789169312,3.9395954608917236
4,1.0511605530152537,0.8244607599369723,14.112850189208984,4.0647008419036865
