,test_rmse,test_mae,fit_time,test_time
0,0.9921195721676991,0.7700149064443562,0.567516565322876,1.320202350616455
1,0.9899500746253603,0.7686510009799361,0.5815293788909912,1.336216688156128
2,1.0022825941193196,0.7761284625177854,0.5825300216674805,1.3242058753967285
3,0.9910768016864121,0.7670426043746151,0.5825417041778564,1.3322134017944336
4,0.9985480006449441,0.7739119362347741,0.5735139846801758,1.328221082687378
