,test_rmse,test_mae,fit_time,test_time
0,0.9744077631317518,0.7548102016021677,20.56872057914734,6.507936239242554
1,0.9837037897038317,0.7590498406530048,20.759902954101562,6.6600728034973145
2,0.9744981591139259,0.7554380693734898,20.5286922454834,6.591001272201538
3,0.9702038018592462,0.749164298254536,20.54670763015747,6.586997747421265
4,0.9712866624117339,0.7494650872350623,20.724868059158325,6.656060457229614
