,test_rmse,test_mae,fit_time,test_time
0,0.9326413999871924,0.7165361885121917,3.20690655708313,6.252686023712158
1,0.9310425607945495,0.7184701025995793,3.212921619415283,6.352777004241943
2,0.9323191157323,0.7200104662308161,3.303004026412964,6.317753314971924
3,0.93157935590849,0.71726084738918,3.3290276527404785,6.169602155685425
4,0.9331694735614694,0.7202541387104636,3.3141703605651855,6.343768835067749
