,test_rmse,test_mae,fit_time,test_time
0,1.0056432505318327,0.7810621105264012,0.854778528213501,1.2040965557098389
1,1.005373931168881,0.7754720947664038,0.8397643566131592,1.1530497074127197
2,0.9882329140131849,0.7653208138471719,0.8377621173858643,1.1570627689361572
3,0.991154359112043,0.7673135242463645,0.830756425857544,1.164060115814209
4,1.0037201227903543,0.7778388362427577,0.8387637138366699,1.1500473022460938
