,test_rmse,test_mae,fit_time,test_time
0,1.0080291209864518,0.7832622577504114,20.483641386032104,4.348968982696533
1,0.9995742492948307,0.7783283020159616,20.530853986740112,4.4480507373809814
2,1.0008957291896265,0.7779655522265024,20.340649604797363,4.458930730819702
3,0.9905334025092317,0.7725763868733276,20.7480571269989,4.424031496047974
4,1.0033905311938287,0.7781498531052555,20.49465298652649,4.4600605964660645
