,test_rmse,test_mae,fit_time,test_time
0,0.9715940121429849,0.7503770306779184,0.16114544868469238,1.336216688156128
1,0.987662905582847,0.7608895622035511,0.17415714263916016,1.331212043762207
2,0.9880778676552621,0.7622216255242932,0.17716097831726074,1.3332135677337646
3,0.9592373943901676,0.7417255608257936,0.17615962028503418,1.3322124481201172
4,0.9769316037230779,0.7532642113831016,0.17415857315063477,1.3362159729003906
