,test_rmse,test_mae,fit_time,test_time
0,0.9689103921531264,0.7536014267186516,14.597298860549927,6.273711442947388
1,0.9803241592159286,0.7620097675252703,14.626316785812378,6.3888161182403564
2,0.9776344225919895,0.7608112137101251,14.454159021377563,6.415080308914185
3,0.9749159845179389,0.7554678559913367,14.437132120132446,6.358798265457153
4,0.9834652427663568,0.7623040397906995,14.338044166564941,6.262711048126221
