,test_rmse,test_mae,fit_time,test_time
0,1.0199155329295306,0.7894761312400053,0.8337593078613281,0.8537781238555908
1,1.0234777417210255,0.7923120785492992,0.8767995834350586,0.8768067359924316
2,1.0187162322055323,0.7906991324626612,0.9298374652862549,0.8918123245239258
3,1.0208328699415214,0.7924040774102097,0.9278533458709717,0.8827948570251465
4,1.035663700822348,0.8023960868139244,0.9208474159240723,0.9038140773773193
