,test_rmse,test_mae,fit_time,test_time
0,0.9736926884759048,0.7519548042319716,20.81395173072815,6.379808664321899
1,0.9822308726522211,0.758675273875621,20.51367735862732,6.563986301422119
2,0.9880613506282292,0.7646790185076331,20.74588942527771,6.6580541133880615
3,0.9655705410101544,0.7469985385987765,20.839978456497192,6.518932580947876
4,0.9741440149105771,0.7522786506352105,20.758901596069336,6.4578797817230225
