,test_rmse,test_mae,fit_time,test_time
0,0.9925507395417353,0.7688872174275457,0.8457610607147217,1.2451424598693848
1,1.0049185885698608,0.7762163728905644,0.8597910404205322,1.237126111984253
2,0.9984744435047748,0.774641265550206,0.8567795753479004,1.247135877609253
3,1.0034294334783813,0.777740065109583,0.8637862205505371,1.2241151332855225
4,0.9937312565292165,0.7714424805483115,0.8507745265960693,1.2441332340240479
