,test_rmse,test_mae,fit_time,test_time
0,0.9965873444292468,0.7707491325124772,0.8687820434570312,1.1840870380401611
1,1.005325847979145,0.7768144720383063,0.8377625942230225,1.1580543518066406
2,1.0040812837709292,0.776541563199871,0.8407652378082275,1.1600563526153564
3,0.984695168943942,0.7655753098742988,0.8357603549957275,1.162057876586914
4,1.0038719306974873,0.776875374026338,0.8427691459655762,1.1520469188690186
