,test_rmse,test_mae,fit_time,test_time
0,0.9985374748839819,0.7717507022576231,0.8467702865600586,1.2711560726165771
1,0.9953488932133571,0.7706922621626143,0.8507757186889648,1.2991790771484375
2,1.0003070156252203,0.7733151210237408,0.8547773361206055,1.284170389175415
3,0.9901311521125834,0.765724328981957,0.8547770977020264,1.294180154800415
4,1.0003531487311832,0.775495491247912,0.858783483505249,1.2651479244232178
