,test_rmse,test_mae,fit_time,test_time
0,0.9935530645422435,0.7718915290686303,0.8407566547393799,1.0049238204956055
1,1.0160413740023566,0.7845686980679559,0.8357608318328857,1.002913236618042
2,1.0127146671339415,0.7811955972699615,0.8427672386169434,0.9798922538757324
3,1.004766873437364,0.7792144963475044,0.8397648334503174,0.9768896102905273
4,0.9980129278981807,0.7758264976032646,0.8437604904174805,0.9809010028839111
