,test_rmse,test_mae,fit_time,test_time
0,0.9636344716165691,0.749317846144364,20.51267695426941,6.210654973983765
1,0.9799594511502696,0.7556140345791496,20.633787155151367,6.40182900428772
2,0.9847657222675283,0.7583999514746304,20.58574366569519,6.382811546325684
3,0.9775904731164282,0.7554438533324556,20.589738845825195,6.351792335510254
4,0.9785334745757411,0.7578898084613224,20.62378168106079,6.318750381469727
