,test_rmse,test_mae,fit_time,test_time
0,0.9834067008241827,0.7573426551635922,0.16015362739562988,1.32419753074646
1,0.9749353592867128,0.7520314186112677,0.17415523529052734,1.3302056789398193
2,0.977598679363291,0.7518797383403988,0.17415714263916016,1.3231966495513916
3,0.9643250128973881,0.7408663060677361,0.17424893379211426,1.3341150283813477
4,0.9642384338698061,0.7459299711673213,0.17615103721618652,1.3402118682861328
