,test_rmse,test_mae,fit_time,test_time
0,1.0273727738788965,0.8034379200519677,14.168901205062866,3.898550033569336
1,1.033657373177908,0.8074741585921112,14.51421594619751,3.990633487701416
2,1.034929710212125,0.8073165584768852,14.19492483139038,4.168795585632324
3,1.0414510739341358,0.8109458070888529,14.198928356170654,4.066702842712402
4,1.0284482982692702,0.8029599473542749,14.189920425415039,4.062699317932129
