,test_rmse,test_mae,fit_time,test_time
0,0.9723762342834096,0.7560593810747698,20.862998247146606,6.457878112792969
1,0.9723830404595236,0.751340570318973,20.74602723121643,6.588988304138184
2,0.9758571511434779,0.7524011812137653,20.59174108505249,6.686135530471802
3,0.9885986799741184,0.7625401232519131,20.657800912857056,6.670073509216309
4,0.9661770125133414,0.7453495360370159,20.634796142578125,6.493912696838379
