,test_rmse,test_mae,fit_time,test_time
0,0.9286753870446417,0.7166641822933131,3.2569735050201416,7.005378484725952
1,0.9317379431631497,0.717572566225025,3.240952253341675,7.121483087539673
2,0.9381113752939299,0.7215828341572091,3.256962776184082,7.158518075942993
3,0.9329174608632917,0.7199624885911469,3.223935127258301,7.117480754852295
4,0.9401192841757859,0.7242608316355872,3.3080146312713623,7.085448741912842
