,test_rmse,test_mae,fit_time,test_time
0,0.9314145208878507,0.7172750114757216,3.1989128589630127,6.792184591293335
1,0.9335584741220988,0.7164260312371049,3.2429492473602295,6.929312229156494
2,0.9239171080760404,0.7113984200128699,3.2239274978637695,6.958343744277954
3,0.9409805214135585,0.726635192612454,3.242952585220337,6.861247539520264
4,0.9334722484612806,0.7200336100181508,3.3090126514434814,6.844231843948364
