,test_rmse,test_mae,fit_time,test_time
0,0.9904510508477404,0.7643383899191707,0.5625121593475342,1.1450421810150146
1,1.0025203336800141,0.7739763763130321,0.5715196132659912,1.1130132675170898
2,0.9949945813484745,0.7658070904764499,0.5655148029327393,1.1290309429168701
3,0.9781894828944199,0.7575418173033811,0.5655121803283691,1.1400377750396729
4,1.0019561114511473,0.7738989516520521,0.565514326095581,1.1340324878692627
