,test_rmse,test_mae,fit_time,test_time
0,1.0022618404288124,0.7750409248877473,0.8537776470184326,1.219118595123291
1,0.9947773271877213,0.7712973943066698,0.8427674770355225,1.1880817413330078
2,1.0008468983418952,0.7731778678641337,0.8387637138366699,1.194087266921997
3,1.0125681288941626,0.7855087276131386,0.8367617130279541,1.1930866241455078
4,0.9884033107224247,0.7647172852468097,0.8357605934143066,1.226116418838501
