,test_rmse,test_mae,fit_time,test_time
0,0.9984606492299698,0.7718227691701101,0.5795273780822754,1.3332135677337646
1,0.9963159397409168,0.7723781433538222,0.5745232105255127,1.31219482421875
2,1.0070688652813544,0.7811906445472577,0.5815205574035645,1.334226131439209
3,0.9941644576238217,0.7691161887344552,0.5765221118927002,1.3362188339233398
4,0.9789125760822859,0.7614545114034001,0.5735197067260742,1.3302030563354492
