,test_rmse,test_mae,fit_time,test_time
0,1.0040648469384554,0.7801656039142447,0.8547697067260742,0.8968167304992676
1,1.0191488400085205,0.78927790484943,0.8437662124633789,0.8978173732757568
2,1.0116829053488365,0.7818822210463705,0.8738043308258057,0.8928127288818359
3,1.0164277901719851,0.789520145246091,0.8357610702514648,0.9038228988647461
4,1.0124547754715716,0.7844462312567901,0.8357610702514648,0.8878083229064941
