,test_rmse,test_mae,fit_time,test_time
0,1.0079113279899659,0.7850417981419089,20.485814571380615,4.151777982711792
1,1.0061967616914838,0.7848098357227097,20.360530138015747,4.186812162399292
2,1.0156585633556448,0.7894865136730267,20.64280366897583,4.20782208442688
3,1.0177269919571286,0.7912750338529891,20.251590251922607,4.128759384155273
4,1.0071674292178419,0.783238636062645,20.640793561935425,4.266885042190552
