,test_rmse,test_mae,fit_time,test_time
0,0.9963158703466529,0.7700886189253385,20.331512451171875,4.5321266651153564
1,1.0003147372906387,0.7801264189253707,20.362542629241943,4.6272132396698
2,0.9891357790334542,0.7668596825989773,20.24862837791443,4.577167272567749
3,0.990876203021996,0.7693702826310764,20.58574366569519,4.618204832077026
4,0.9951919066762994,0.7753742193705416,20.48083257675171,4.660234689712524
