,test_rmse,test_mae,fit_time,test_time
0,0.9784978290990555,0.7558005459845001,20.63378596305847,6.321765422821045
1,0.9748367104077956,0.75678017935931,20.90503454208374,6.4788994789123535
2,0.9759706729157688,0.7549812389400204,20.458630800247192,6.541954040527344
3,0.9781366401801217,0.7532635346684412,21.053178548812866,6.390819311141968
4,0.9730096804381584,0.753953067193694,20.534695148468018,6.5759875774383545
