,test_rmse,test_mae,fit_time,test_time
0,1.0061374245338175,0.772352181877452,0.5735311508178711,0.8988182544708252
1,1.0133340196857268,0.7784918538256038,0.5625121593475342,0.892812967300415
2,1.008038894962897,0.7787932197279471,0.56451416015625,0.890803337097168
3,1.002640567528599,0.7745616604101988,0.5615110397338867,0.8918120861053467
4,1.0116577444102688,0.7777993007164842,0.5615115165710449,0.8888092041015625
