,test_rmse,test_mae,fit_time,test_time
0,0.9841043216643562,0.7656784923236861,14.679348230361938,5.237560272216797
1,0.9892609650882265,0.7670792653478309,14.373079538345337,5.350497484207153
2,0.9887527341245576,0.7687286325717452,14.29201364517212,5.356502532958984
3,0.9890377030608571,0.7720902680134005,14.341054201126099,5.33849024772644
4,0.9853370303462148,0.7674110514186696,14.500197410583496,5.275434255599976
