,test_rmse,test_mae,fit_time,test_time
0,1.0007950254557654,0.779248985543638,20.37955594062805,4.27889609336853
1,1.0093463651689636,0.784140021402696,20.482648849487305,4.33594822883606
2,1.0007451755471033,0.7816244314200649,20.42859935760498,4.344956874847412
3,1.003489446358065,0.7805139512037761,20.30448579788208,4.235865116119385
4,1.0194962000048862,0.7908912536033211,20.918046474456787,4.3119261264801025
