,test_rmse,test_mae,fit_time,test_time
0,0.9928050047942443,0.7692415315029779,0.5765247344970703,1.3242146968841553
1,0.9980518659916727,0.7745325120235133,0.5795369148254395,1.3131864070892334
2,0.9903895552987633,0.7707110300340873,0.575523853302002,1.3252065181732178
3,0.9966205575118993,0.7744131502233041,0.5745224952697754,1.3372173309326172
4,0.9978577775373163,0.7698011096825048,0.578526496887207,1.3141968250274658
