,test_rmse,test_mae,fit_time,test_time
0,1.0542088779657406,0.8210383974890222,0.8637864589691162,0.7526941299438477
1,1.0619718876740567,0.8254556257578731,0.849773645401001,0.7456791400909424
2,1.0563959771278595,0.81973742890419,0.835761308670044,0.7466797828674316
3,1.0712049548267184,0.8328322396518147,0.8357634544372559,0.7656948566436768
4,1.0629987576141697,0.8240443785323592,0.8417665958404541,0.7606925964355469
