,test_rmse,test_mae,fit_time,test_time
0,1.004252284067559,0.7775508263912847,0.573530912399292,1.3031866550445557
1,0.995852078434472,0.7725496066226809,0.5824682712554932,1.3343970775604248
2,0.9901922350851263,0.7669267423756434,0.5786502361297607,1.3240797519683838
3,0.986502529675792,0.7636428185478733,0.5775344371795654,1.3282089233398438
4,0.9930695944320732,0.7705554897662171,0.5785367488861084,1.3322138786315918
