,test_rmse,test_mae,fit_time,test_time
0,0.9995978034711148,0.777278554252202,14.36107611656189,4.734310626983643
1,1.0111343275823617,0.7858183684351983,14.24296760559082,4.913473844528198
2,1.0034316392830531,0.7837219659886787,14.32304072380066,4.749324321746826
3,0.9965973055080618,0.7788951381525868,14.28200387954712,4.812381982803345
4,0.9955577975157329,0.7755518011613681,14.497199535369873,4.884439468383789
