,test_rmse,test_mae,fit_time,test_time
0,0.998465051856575,0.7687976839697722,0.5835318565368652,1.3712477684020996
1,0.9858123972269407,0.7652465758717897,0.5835402011871338,1.3191916942596436
2,0.9836744905996715,0.7623867662036963,0.5825300216674805,1.2711575031280518
3,0.9999013605812334,0.7727244421857433,0.5825295448303223,1.2561438083648682
4,1.001344378865738,0.7736997842016021,0.5785257816314697,1.266153335571289
