,test_rmse,test_mae,fit_time,test_time
0,0.9818481445111799,0.7597597321892895,20.8059184551239,5.85532546043396
1,0.9779329605025814,0.7561014937109367,20.65077805519104,5.97843599319458
2,0.9707933237674286,0.7534398895647583,20.785900115966797,6.018472909927368
3,0.9834018199486527,0.7595973556662629,20.902004957199097,5.944551944732666
4,0.977442436218661,0.7579847005316569,20.814939498901367,5.958418607711792
