,test_rmse,test_mae,fit_time,test_time
0,0.9826576649051837,0.7579876917144274,20.812074184417725,6.3417744636535645
1,0.9731508806873357,0.7537826303558308,20.29347801208496,6.704103946685791
2,0.9810823063591863,0.7571417513101616,20.88901972770691,6.594004154205322
3,0.9712564716496498,0.7535294015457787,20.794934034347534,6.632038831710815
4,0.9680995422755664,0.748055358675394,20.71086025238037,6.560101270675659
