,test_rmse,test_mae,fit_time,test_time
0,0.9942868185808825,0.772517846040952,0.572521448135376,1.3432321548461914
1,0.9933098348515423,0.7685838554690936,0.5805368423461914,1.3001837730407715
2,0.9905492619196696,0.7702380551951836,0.5745227336883545,1.3302111625671387
3,1.0063528522056364,0.7764462292283335,0.5795280933380127,1.3242051601409912
4,0.989250784373124,0.7661694366810584,0.5775251388549805,1.3192012310028076
