,test_rmse,test_mae,fit_time,test_time
0,0.9870061633461206,0.759739789011082,0.16014671325683594,1.3292090892791748
1,0.9798745464346377,0.7547339492933435,0.17716121673583984,1.3272106647491455
2,0.9723634589514648,0.7514674395371722,0.17716383934020996,1.3223469257354736
3,0.9772852264423243,0.7571889477728572,0.17415833473205566,1.3342242240905762
4,0.9767794920749465,0.7546332625433589,0.17616891860961914,1.3402204513549805
