,test_rmse,test_mae,fit_time,test_time
0,0.9941101437548149,0.7669181710814794,0.8627853393554688,1.2761619091033936
1,0.9982891296447716,0.7743099657648461,0.8647868633270264,1.2671537399291992
2,1.004391094650443,0.7811243643608989,0.857781171798706,1.2671537399291992
3,0.9879057428200692,0.7642448538045991,0.8587815761566162,1.2671535015106201
4,0.9970687801168496,0.7724867773401225,0.8577799797058105,1.2741601467132568
