,test_rmse,test_mae,fit_time,test_time
0,0.9912588073857698,0.7705669320166184,0.5625121593475342,1.3131983280181885
1,0.991064620886575,0.7694952875677696,0.5815267562866211,1.3362164497375488
2,0.995419533714995,0.7737042889353897,0.5915358066558838,1.339219570159912
3,0.9930797460602598,0.7689752616476385,0.5875349044799805,1.3432230949401855
4,1.000270297883726,0.7720202966676064,0.5925483703613281,1.3452250957489014
