,test_rmse,test_mae,fit_time,test_time
0,0.9831651497870649,0.7582235065687767,0.15914702415466309,1.3262073993682861
1,0.9730720302375777,0.7512854669669679,0.1731576919555664,1.3182001113891602
2,0.9788385215197343,0.7552826544237896,0.17515969276428223,1.3322131633758545
3,0.9835387686499647,0.7582090148348901,0.17415618896484375,1.3282086849212646
4,0.9726542039219481,0.7509581379879546,0.17430830001831055,1.3060312271118164
