,test_rmse,test_mae,fit_time,test_time
0,0.9780403867108572,0.7546865947612474,0.16014575958251953,1.328185796737671
1,0.9753547222681495,0.7478981537082868,0.17415571212768555,1.3181803226470947
2,0.9632700690458226,0.7417017338534038,0.175156831741333,1.330190658569336
3,0.9820456466521401,0.7598164885409293,0.17516517639160156,1.3071699142456055
4,0.9709497031051519,0.7462321735201218,0.1731553077697754,1.3221840858459473
