,test_rmse,test_mae,fit_time,test_time
0,0.9925656549494056,0.7662244144649866,0.5765237808227539,1.4022722244262695
1,1.0000351019365628,0.7761254269072776,0.6095535755157471,1.3652474880218506
2,0.9926419579170883,0.7724832017335134,0.5735201835632324,1.3492169380187988
3,0.9965427021466198,0.7702951666701673,0.5815279483795166,1.3313415050506592
4,0.9887562775860005,0.7662856549053509,0.5735206604003906,1.3372135162353516
