,test_rmse,test_mae,fit_time,test_time
0,0.9735310828045456,0.7522294776939511,20.677835702896118,6.3097450733184814
1,0.9772694853663306,0.7565236639018155,20.536699295043945,6.433858394622803
2,0.9751301802312096,0.7553895215543327,20.706135034561157,6.561985492706299
3,0.9820536912354348,0.7568266759153724,20.529683828353882,6.44487738609314
4,0.9727528904805921,0.7520438732503755,20.855989456176758,6.465889930725098
