,test_rmse,test_mae,fit_time,test_time
0,1.0006499886005626,0.7727809970332763,0.5835275650024414,1.3361999988555908
1,0.9992165502256756,0.776525713796091,0.5795230865478516,1.3352062702178955
2,0.9901408219083397,0.766702042852812,0.583526611328125,1.3402111530303955
3,0.9938352682110229,0.7697369688350796,0.5815248489379883,1.3292016983032227
4,0.9902568397446866,0.7663544292411365,0.5785214900970459,1.3352069854736328
