,test_rmse,test_mae,fit_time,test_time
0,0.9814404775547122,0.758963681136558,20.69178032875061,5.744369745254517
1,0.982459307135193,0.7598342917860089,20.95501971244812,5.943386077880859
2,0.9743041281125875,0.7538885797598631,20.674762725830078,6.0294718742370605
3,0.9770425594864331,0.7552650821407454,20.82105278968811,5.919381380081177
4,0.9817741056852043,0.761386049215292,20.838905811309814,5.817288160324097
