,test_rmse,test_mae,fit_time,test_time
0,1.0018668348470305,0.778960302776023,0.8697919845581055,1.1900928020477295
1,0.9904507813886803,0.7687721510645041,0.838763952255249,1.1760706901550293
2,0.997508550678805,0.7712783666881443,0.8337593078613281,1.1680634021759033
3,1.0012738745225682,0.7734397916253789,0.8367712497711182,1.1770715713500977
4,0.9985461126950506,0.7686227908475656,0.8347599506378174,1.1820759773254395
