,test_rmse,test_mae,fit_time,test_time
0,0.9908787594882823,0.767162350500141,0.55450439453125,1.268155813217163
1,0.9946004324235753,0.767955001317323,0.5675170421600342,1.2461345195770264
2,0.990193872401502,0.7667151089892489,0.5645136833190918,1.2441329956054688
3,0.9957494939514345,0.7721743120350802,0.5625121593475342,1.2591464519500732
4,0.9906220443904751,0.7638979183357498,0.5635135173797607,1.234123706817627
