,test_rmse,test_mae,fit_time,test_time
0,0.9996799543636397,0.7760827822762204,0.5655057430267334,1.2971608638763428
1,0.9960646864851036,0.7688408038457315,0.5775167942047119,1.303175926208496
2,0.9951850876126067,0.7722960315512448,0.5815236568450928,1.3161749839782715
3,0.9910330698985947,0.766113177066058,0.576446533203125,1.3071699142456055
4,0.9937092171247989,0.7690188165584293,0.5765161514282227,1.3081731796264648
