,test_rmse,test_mae,fit_time,test_time
0,0.9984630064999834,0.7725714048878595,0.8457698822021484,1.2111115455627441
1,0.9977785115134593,0.7715487380807421,0.8377625942230225,1.1890828609466553
2,0.9852010695052676,0.763859469516684,0.8377625942230225,1.1840782165527344
3,1.0058846438870552,0.7806055325306365,0.8367607593536377,1.1900839805603027
4,1.0021853263766116,0.774685426751545,0.8387632369995117,1.1880817413330078
