,test_rmse,test_mae,fit_time,test_time
0,0.9671710908482547,0.7453367238146317,0.16014361381530762,1.355231523513794
1,0.9777727712827338,0.7526308276673225,0.17516732215881348,1.3452229499816895
2,0.9731175111867152,0.7496921104426012,0.17616033554077148,1.3412196636199951
3,0.9847029120616904,0.7588693531975016,0.17215681076049805,1.3362147808074951
4,0.9712251336614569,0.7508602089385064,0.17415809631347656,1.3181993961334229
