,test_rmse,test_mae,fit_time,test_time
0,0.9730636116853795,0.7524655540402082,20.530694007873535,6.317752838134766
1,0.9778140216675691,0.7532007408314697,20.70485210418701,6.301741123199463
2,0.9756473927026468,0.7549931892972712,20.424588680267334,6.388825416564941
3,0.9840847704093744,0.7620238020734776,20.8299663066864,6.358789682388306
4,0.9747049698829996,0.7551202301030405,20.737882375717163,6.324809312820435
