,test_rmse,test_mae,fit_time,test_time
0,0.9720327903123646,0.7527031198445652,20.806945085525513,6.114736318588257
1,0.972912657422914,0.7529561111351337,20.969085693359375,6.314760208129883
2,0.9752583370383165,0.7588529971264873,20.94507122039795,6.307743310928345
3,0.9829017665743486,0.7579019255304872,20.61876606941223,6.256697177886963
4,0.9813069419911951,0.7573817601904129,20.73488759994507,6.302738428115845
