,test_rmse,test_mae,fit_time,test_time
0,0.9327013141335392,0.7171543478345027,3.221916437149048,5.987433671951294
1,0.9281910796657972,0.7128990022904663,3.2419421672821045,6.172605037689209
2,0.930230952434057,0.7210143757342624,3.296994924545288,6.1357262134552
3,0.9350845713292254,0.7208211615848441,3.237938404083252,6.2276527881622314
4,0.9304831374751912,0.7161357048668598,3.2919905185699463,6.22965145111084
