,test_rmse,test_mae,fit_time,test_time
0,0.9947833680898123,0.7691422227116621,0.8457767963409424,1.2661492824554443
1,1.0011056397571954,0.7733188337579994,0.865788459777832,1.2921702861785889
2,1.0151271877939316,0.7850423809165001,0.8556840419769287,1.3161919116973877
3,0.9949323086134261,0.7714636184047696,0.8617815971374512,1.2871685028076172
4,0.9916316468947347,0.7695188622749045,0.8767955303192139,1.2701530456542969
