,test_rmse,test_mae,fit_time,test_time
0,0.9813071479975954,0.757985251275398,0.16315793991088867,1.3212029933929443
1,0.9738197198480103,0.7506242764752379,0.17516756057739258,1.3001761436462402
2,0.982416176314188,0.7608988736477027,0.17615222930908203,1.3222122192382812
3,0.9749895082786668,0.7506551678410651,0.1763460636138916,1.3550398349761963
4,0.972187756974492,0.7492003596209624,0.1731576919555664,1.3522400856018066
