,test_rmse,test_mae,fit_time,test_time
0,0.9363424127304155,0.7206432604343731,3.25894832611084,6.069509029388428
1,0.9320309265052996,0.7192870013511851,3.2369375228881836,6.148590087890625
2,0.9382295630824138,0.7194882982447645,3.275981903076172,6.077516078948975
3,0.9263283552640367,0.7163939951806838,3.2849814891815186,6.060500860214233
4,0.9259901856290089,0.7152820351959653,3.251951217651367,6.164595603942871
