,test_rmse,test_mae,fit_time,test_time
0,0.9302686721718619,0.7155150880116845,3.2099101543426514,5.898324489593506
1,0.9289839849193193,0.7175170619403886,3.226919651031494,5.994415521621704
2,0.9367057613210273,0.7235592125168042,3.2519311904907227,5.941378831863403
3,0.9352757181260448,0.7196326759810756,3.2799644470214844,6.063481092453003
4,0.9282828644763301,0.7138343104806243,3.2749524116516113,6.109532594680786
