,test_rmse,test_mae,fit_time,test_time
0,0.9812639215884296,0.7605682729358867,0.16014575958251953,1.3402204513549805
1,0.9783824963338955,0.7512581903218479,0.17716169357299805,1.3171908855438232
2,0.9744548151797772,0.7519147534805009,0.17715883255004883,1.321195125579834
3,0.9734595570170733,0.7489246946815149,0.17515945434570312,1.3292107582092285
4,0.9831979983206001,0.7598473694440281,0.1731574535369873,1.3212060928344727
