,test_rmse,test_mae,fit_time,test_time
0,0.9872793448611593,0.7676700418979912,20.480623960494995,5.3656165599823
1,0.9809543094810336,0.7594769746061147,20.895979404449463,5.377627372741699
2,0.9856805040040469,0.7642913988320579,20.63575553894043,5.405660152435303
3,0.9763227640675658,0.7557281428822754,20.716829299926758,5.37762451171875
4,0.9891750564417663,0.7662205111299618,20.59571385383606,5.35061240196228
