,test_rmse,test_mae,fit_time,test_time
0,0.9993512119221989,0.7733192107838563,0.8517618179321289,1.275160312652588
1,0.9963422348130061,0.7704547784708135,0.8597681522369385,1.2871716022491455
2,0.9891575753380868,0.765321446351374,0.8647844791412354,1.2831568717956543
3,1.0035506438401576,0.7781128681490542,0.8647842407226562,1.2851591110229492
4,0.9940285601124806,0.768848484560599,0.8677842617034912,1.2701480388641357
