,test_rmse,test_mae,fit_time,test_time
0,1.0142687820833445,0.7771804268161188,0.17114758491516113,0.7697000503540039
1,1.024979114061683,0.7877018124430846,0.17515897750854492,0.732658863067627
2,1.0256446784827205,0.7830543573567077,0.17215609550476074,0.721656322479248
3,1.019215917089813,0.780883294913758,0.17015361785888672,0.7386722564697266
4,1.0228420624903214,0.7815593024340313,0.1731572151184082,0.7266616821289062
