,test_rmse,test_mae,fit_time,test_time
0,0.9772216780235329,0.755370180295063,20.754897117614746,6.248689889907837
1,0.9717698059672496,0.7510088398952508,20.484651803970337,6.284722566604614
2,0.986004707376747,0.7597174718922228,20.67282271385193,6.44696044921875
3,0.9777465931391174,0.7561515329294534,20.752904653549194,6.483903884887695
4,0.9763352118844472,0.7558569354640443,20.63678240776062,6.440864324569702
