,test_rmse,test_mae,fit_time,test_time
0,0.9998434290580823,0.7736447878775564,0.8457696437835693,1.26114821434021
1,0.9982185534826011,0.7740219305082635,0.8537764549255371,1.2731585502624512
2,0.9893313749050641,0.7675831209166665,0.8557767868041992,1.2751617431640625
3,0.9980740921213254,0.7723039348015118,0.8547778129577637,1.2631499767303467
4,0.9995196369759692,0.7753951928166056,0.8577804565429688,1.2701568603515625
