,test_rmse,test_mae,fit_time,test_time
0,0.9855643485461125,0.7659203755266975,14.334539413452148,5.3506810665130615
1,0.9801803221545566,0.7621850722729884,14.422607660293579,5.676974534988403
2,0.9807314145528593,0.7626863995916039,14.295514106750488,5.582883358001709
3,0.9808718731782745,0.763087971292407,14.517852544784546,5.5748772621154785
4,0.9936368202833045,0.7716220973794558,14.58474588394165,5.581892013549805
