,test_rmse,test_mae,fit_time,test_time
0,1.0075918307498601,0.7797089108013476,0.8257520198822021,0.9378535747528076
1,1.0108797375152123,0.7839636839000069,0.8367619514465332,0.9498648643493652
2,0.9981563263307359,0.7741881426568521,0.8327581882476807,0.9468622207641602
3,1.003910229563646,0.7795336554728893,0.8367617130279541,0.9308478832244873
4,1.0054299981773793,0.7786126832419613,0.8447780609130859,0.9378540515899658
