,test_rmse,test_mae,fit_time,test_time
0,0.9918764134267212,0.7690428512764601,0.8447668552398682,1.2561438083648682
1,1.000614047921671,0.7741130631027144,0.8557791709899902,1.247135877609253
2,1.0044519356595905,0.7764155094842392,0.8687911033630371,1.261148452758789
3,0.9956296384018091,0.7697157970564126,0.8537774085998535,1.2471356391906738
4,0.9994817395379151,0.7724510229354606,0.8537774085998535,1.2751612663269043
