,test_rmse,test_mae,fit_time,test_time
0,0.984573255088526,0.7605472148424475,20.85895848274231,5.881347894668579
1,0.9808592257166215,0.7602577929992582,20.654951095581055,5.940403938293457
2,0.9762564228979785,0.7553178314479485,20.70782971382141,5.923515796661377
3,0.9792320216408088,0.7588694813923679,20.821924686431885,6.027480840682983
4,0.9811915788767809,0.7583056162773023,20.80908513069153,6.042494773864746
