,test_rmse,test_mae,fit_time,test_time
0,0.9998269334637974,0.7738288608991853,20.30548882484436,4.921481132507324
1,0.988546416327513,0.7652720804695267,20.424752235412598,5.062609672546387
2,0.9917061758899333,0.7700755058185959,21.01913833618164,4.993546962738037
3,0.9926246564626252,0.771374123764757,20.519683837890625,4.991706371307373
4,0.9816953056703267,0.7644321462089867,20.799938917160034,5.033583402633667
