,test_rmse,test_mae,fit_time,test_time
0,0.9882684162301654,0.764711433094602,20.61091923713684,6.04850697517395
1,0.9794402955815543,0.7591310157746473,20.602754831314087,6.077542304992676
2,0.975684029344471,0.7555625009630605,20.5176682472229,6.2386884689331055
3,0.9691182157224495,0.749405674826674,20.707850456237793,6.126577854156494
4,0.9733414527487388,0.750695556143137,21.115224361419678,6.2256786823272705
