,test_rmse,test_mae,fit_time,test_time
0,1.0029032651329113,0.778823846974346,0.8337500095367432,1.2261278629302979
1,0.9954142206665424,0.7700669658253746,0.8417744636535645,1.2060985565185547
2,0.9906221339102385,0.7669640355500988,0.8748047351837158,1.2141058444976807
3,0.9898864352548545,0.7665117026352101,0.8327584266662598,1.2060894966125488
4,1.0055143786116476,0.7775845799518881,0.8317575454711914,1.2121038436889648
