,test_rmse,test_mae,fit_time,test_time
0,0.975392278496302,0.7549427385017639,0.15914463996887207,1.3452234268188477
1,0.9739520262905579,0.7500267750099251,0.17515921592712402,1.3252077102661133
2,0.9816785758808376,0.7583450251995767,0.17415475845336914,1.322202444076538
3,0.9670968577061004,0.7434048095358482,0.1731574535369873,1.3532307147979736
4,0.9759803479578588,0.7516866211279277,0.17416715621948242,1.3422200679779053
