,test_rmse,test_mae,fit_time,test_time
0,0.9749534098680062,0.7559321272419967,20.28747320175171,6.092547178268433
1,0.9748688823152499,0.7532996259874533,20.720856428146362,6.216668128967285
2,0.9818448439796552,0.7576780541489939,20.985097408294678,6.24468469619751
3,0.9814116382493087,0.7595547610476197,20.86800789833069,6.156596422195435
4,0.9735642633965947,0.755682800609137,21.03916358947754,6.115570545196533
