,test_rmse,test_mae,fit_time,test_time
0,0.9772497353378966,0.75936475819405,14.411281108856201,6.43986439704895
1,0.9757124637068552,0.7588853876013758,14.523215055465698,6.634049415588379
2,0.978969864345766,0.7583955466672583,14.583279371261597,6.537952423095703
3,0.9783711826326662,0.758384773663096,14.365226030349731,6.629048109054565
4,0.9738841268162253,0.7555378100997776,14.533233165740967,6.514934778213501
