,test_rmse,test_mae,fit_time,test_time
0,0.9949419789074014,0.7696078048241489,0.8677706718444824,1.2660963535308838
1,0.9864884246660762,0.7607625197778518,0.8557405471801758,1.254105567932129
2,1.0061099546254242,0.781395209545977,0.8567588329315186,1.2711145877838135
3,0.9982744001186744,0.7735585898186329,0.8527462482452393,1.2561016082763672
4,1.0012603263299036,0.7763751209621769,0.8537468910217285,1.263096570968628
