,test_rmse,test_mae,fit_time,test_time
0,0.9745521502277856,0.7441623448886392,0.1561422348022461,1.274160623550415
1,0.9611673251881628,0.7423576949582885,0.17415857315063477,1.2403721809387207
2,0.9734932383883819,0.7472199154501982,0.1711559295654297,1.2461349964141846
3,0.9713721287529574,0.7488446677666668,0.17015767097473145,1.2351243495941162
4,0.9616867808229278,0.7412592104018586,0.16915130615234375,1.2441329956054688
