,test_rmse,test_mae,fit_time,test_time
0,1.0745986011792346,0.8277098199267074,3.1708872318267822,3.5922703742980957
1,1.0669609374848688,0.8221284547560531,3.1999106407165527,3.78543758392334
2,1.0790008865056222,0.8320188215611012,3.2399492263793945,3.7364025115966797
3,1.0813058137396976,0.833514944675115,3.1718876361846924,3.706536293029785
4,1.078797868176133,0.829376624440176,3.22994327545166,3.6584858894348145
