,test_rmse,test_mae,fit_time,test_time
0,1.0267616600459564,0.8002289879861553,14.205943822860718,4.14277195930481
1,1.0199899637490157,0.7974133439617689,14.349225759506226,4.197814702987671
2,1.0273829701447559,0.80111112015192,14.418128252029419,4.205829620361328
3,1.0192102201559414,0.7943485586957862,14.404115200042725,4.217840671539307
4,1.0255866014613906,0.8022438319048366,14.40611720085144,4.262881517410278
