,test_rmse,test_mae,fit_time,test_time
0,0.9294169828703485,0.7161738142054427,3.1578750610351562,4.8524088859558105
1,0.9413822473509615,0.7271642006221054,3.1778931617736816,4.887605905532837
2,0.9415354073171858,0.7278572872957013,3.207921028137207,4.89545750617981
3,0.9303862777800578,0.7208264277628397,3.2249367237091064,4.88945198059082
4,0.9465976528340966,0.7269158009136787,3.2789764404296875,4.916635513305664
