,test_rmse,test_mae,fit_time,test_time
0,0.9987800262517553,0.7720333520602572,0.8617241382598877,1.2460474967956543
1,0.990673859017919,0.7682236246789342,0.8647255897521973,1.2410433292388916
2,1.0010618216313436,0.7737759207905912,0.8637256622314453,1.2510521411895752
3,1.0013480509251134,0.7755977323393372,0.853717565536499,1.251051664352417
4,0.9970742983588581,0.771443055061314,0.8647267818450928,1.260058879852295
