,test_rmse,test_mae,fit_time,test_time
0,0.9991319962858211,0.774253498730558,0.8497612476348877,1.252129316329956
1,1.0093284883848521,0.781348012007317,0.8517599105834961,1.2631304264068604
2,0.9932100285613626,0.7691424128779784,0.851759672164917,1.2721388339996338
3,0.9947019978087263,0.7705497813399718,0.8567578792572021,1.2851591110229492
4,0.9952326775510373,0.7691944854857995,0.8607704639434814,1.283149242401123
