,test_rmse,test_mae,fit_time,test_time
0,0.9788937628969493,0.7612068170078543,14.49219536781311,6.662065744400024
1,0.9790053315818307,0.7578590575016791,14.356071472167969,6.697094917297363
2,0.9679871167262787,0.7527624939769153,14.423290252685547,6.947325944900513
3,0.9731509386414031,0.7552447692925012,14.462168455123901,6.773167371749878
4,0.9710515318417334,0.7543005140278063,14.624315977096558,6.798187971115112
