,test_rmse,test_mae,fit_time,test_time
0,0.9790822103224178,0.7530887992603036,0.1551499366760254,1.2861738204956055
1,0.9648140714453112,0.7416046067034229,0.17215418815612793,1.2641510963439941
2,0.9620555888683691,0.7431095005575307,0.17015528678894043,1.2441325187683105
3,0.9650301192456431,0.7438829046866419,0.17015480995178223,1.2551429271697998
4,0.9688147056858091,0.7445991511080949,0.16915154457092285,1.2751610279083252
