,test_rmse,test_mae,fit_time,test_time
0,1.0005035831197535,0.7747073358378457,0.8677992820739746,1.242130994796753
1,1.001963496759647,0.773392643701058,0.8657877445220947,1.2391281127929688
2,0.9968370513521267,0.7745340037956593,0.8677899837493896,1.2491450309753418
3,1.0018948308049913,0.7740452383452991,0.8737950325012207,1.2321219444274902
4,0.99272768441157,0.7692855869212047,0.8587901592254639,1.2551429271697998
