,test_rmse,test_mae,fit_time,test_time
0,1.0069765327555056,0.7844003858088429,20.54591679573059,4.30191707611084
1,0.9948922835435393,0.7747259890829573,20.388718843460083,4.356975793838501
2,0.9918279515807358,0.7709146902184226,20.60898208618164,4.4380409717559814
3,1.007310497191702,0.7793410856292291,20.41859197616577,4.437039852142334
4,0.9970606143042015,0.7740336010237981,20.358853101730347,4.453054904937744
