,test_rmse,test_mae,fit_time,test_time
0,0.9792992565038026,0.7541443767648096,0.15914463996887207,1.3402202129364014
1,0.9746394488292192,0.7508029321660918,0.17916059494018555,1.3162076473236084
2,0.9771210991932504,0.7576863641150372,0.1741499900817871,1.3312206268310547
3,0.9752370680521363,0.7560912598336283,0.17415809631347656,1.334214448928833
4,0.9784587031789078,0.7534993246571043,0.17415857315063477,1.3232054710388184
