,test_rmse,test_mae,fit_time,test_time
0,0.9383031058975517,0.7241263388646428,3.2439537048339844,6.551957607269287
1,0.9346277824082295,0.7184302957695963,3.221933364868164,6.753148555755615
2,0.9328315401673369,0.7192951503227316,3.261969566345215,6.78818154335022
3,0.9315656494785606,0.7166768089516583,3.2819881439208984,6.646043062210083
4,0.9270880259616974,0.71700829179362,3.2929985523223877,6.72212028503418
