,test_rmse,test_mae,fit_time,test_time
0,0.996235449696004,0.7734107704227674,20.479801177978516,4.838405609130859
1,0.9975462309458903,0.7757474383024417,20.46563458442688,4.877443313598633
2,0.9907040137598699,0.7697947919619316,20.686835765838623,4.908469915390015
3,0.9872248788399283,0.7656113255203367,20.89936399459839,4.777349948883057
4,0.9958661412769846,0.7740526197530174,20.657809257507324,4.960508108139038
