,test_rmse,test_mae,fit_time,test_time
0,1.0031650545575042,0.7750153368876131,0.8397645950317383,1.2771625518798828
1,0.9948503664928195,0.7717260359621672,0.8607838153839111,1.2731587886810303
2,1.0020997667863,0.7772313113612073,0.8687825202941895,1.2751693725585938
3,0.9929449090991695,0.7666427261371437,0.8627853393554688,1.2831683158874512
4,0.9999960415814132,0.7751393014957304,0.8557791709899902,1.264150857925415
