,test_rmse,test_mae,fit_time,test_time
0,0.9787530903853277,0.7602303271621854,14.399109840393066,6.23668646812439
1,0.9755282489619531,0.7564554426342651,14.220949649810791,6.3758018016815186
2,0.9797132918592171,0.7591515277429031,14.452155113220215,6.378807306289673
3,0.9777719871053082,0.7602304930919831,14.335050821304321,6.300740003585815
4,0.9741825706120063,0.7585604170399601,14.528218746185303,6.350789785385132
