,test_rmse,test_mae,fit_time,test_time
0,0.9854079131843932,0.765777200047811,14.240746021270752,5.523953199386597
1,0.9799777388466184,0.7624111033217525,14.43592095375061,5.6990978717803955
2,0.9855558229707537,0.7645262048554469,14.512998342514038,5.748144865036011
3,0.9848021497743046,0.7638152818896459,14.519996166229248,5.699100971221924
4,0.9793981358700695,0.7639008825536834,14.571041584014893,5.780176639556885
