,test_rmse,test_mae,fit_time,test_time
0,0.9740065333399955,0.7554650371134426,14.372239828109741,6.502930402755737
1,0.9779885982525118,0.760758520889986,14.392103433609009,6.651065349578857
2,0.9773813177681006,0.7568134373854033,14.435134649276733,6.619186639785767
3,0.9731694400286884,0.7560610997879423,14.42113995552063,6.778172016143799
4,0.9731303835403979,0.7564719573352877,14.653342247009277,6.719118118286133
