,test_rmse,test_mae,fit_time,test_time
0,0.9946838106577816,0.7690564717418419,3.178903579711914,3.783444881439209
1,0.9795770200567169,0.7560689179619806,3.1969106197357178,3.9485952854156494
2,0.9827416658477445,0.7598663800177774,3.2129251956939697,3.909559488296509
3,0.9990536076528589,0.7716425767699326,3.2579574584960938,3.998649835586548
4,0.9810112232665559,0.7628442937587483,3.2459466457366943,3.858513116836548
