,test_rmse,test_mae,fit_time,test_time
0,0.991543841007815,0.7696075356456985,20.3865647315979,4.9675211906433105
1,0.9927718940669813,0.7699870288042321,20.71223473548889,4.953510522842407
2,0.9888391757226834,0.7682669118763988,20.349529504776,4.879451036453247
3,0.9910798897006999,0.7699110354510067,20.661804676055908,5.022573232650757
4,0.9909268955960955,0.7687646800513818,20.6277813911438,5.012564420700073
