,test_rmse,test_mae,fit_time,test_time
0,1.001937654229781,0.7766758397704017,0.8557703495025635,1.0729858875274658
1,1.00525100953952,0.7778720631455971,0.8337593078613281,1.0939958095550537
2,1.0104294610861386,0.78213948675785,0.8357686996459961,1.1041948795318604
3,0.9940442978722952,0.7684436813622294,0.8427672386169434,1.0879909992218018
4,0.9883308106052809,0.7665362210442901,0.8337593078613281,1.07798171043396
