,test_rmse,test_mae,fit_time,test_time
0,0.9763204043864399,0.7573132765287316,14.38810920715332,6.473894834518433
1,0.9782347365434579,0.7589396473486915,14.471338748931885,6.638044357299805
2,0.9766075188467791,0.7589172512191678,14.409119367599487,6.5920021533966064
3,0.9714338904521872,0.7536196302004154,14.450154304504395,6.6350414752960205
4,0.9756318303769125,0.7576839881278622,14.562250137329102,6.5961620807647705
