,test_rmse,test_mae,fit_time,test_time
0,1.0008437076734917,0.7700105271461462,0.5635156631469727,1.0269322395324707
1,0.9968455482902701,0.7687329241419429,0.5685172080993652,1.0129225254058838
2,1.0013495147127451,0.7712087977538657,0.567516565322876,1.0099196434020996
3,1.0003013015389046,0.7720037842051686,0.5615112781524658,1.016925573348999
4,0.9960372430898394,0.7693975002918569,0.5665156841278076,1.0229313373565674
