,test_rmse,test_mae,fit_time,test_time
0,0.9363657896676062,0.7253271777867618,3.167874813079834,4.609206438064575
1,0.9385693070554896,0.7234403861946467,3.221932888031006,4.627213478088379
2,0.9473967477858363,0.729418492788152,3.2229347229003906,4.70128059387207
3,0.9378857387309553,0.7237974434397707,3.210923194885254,4.684265375137329
4,0.9317240863002577,0.7181451565810687,3.2449450492858887,4.654247045516968
