,test_rmse,test_mae,fit_time,test_time
0,0.9605943745020927,0.738794432218945,0.15414047241210938,1.1790735721588135
1,0.9697313739247451,0.7447389438877215,0.1711559295654297,1.151047945022583
2,0.9603657605454878,0.7366877321255968,0.17215704917907715,1.127026081085205
3,0.9702764251701355,0.7451162544022195,0.1711559295654297,1.143040657043457
4,0.958837243284157,0.7374888418845987,0.17315459251403809,1.1490461826324463
