,test_rmse,test_mae,fit_time,test_time
0,0.9986959111058729,0.7734091768283474,0.8557651042938232,1.2793748378753662
1,1.001360906232133,0.7756284772109591,0.8617775440216064,1.2871747016906738
2,0.9976907523110897,0.771916174932959,0.866783857345581,1.271148920059204
3,0.9964484577656926,0.770317989364758,0.8647794723510742,1.3021795749664307
4,1.0002417603841667,0.7733915490700342,0.8607697486877441,1.2811684608459473
