,test_rmse,test_mae,fit_time,test_time
0,0.9679569039563688,0.7522756783738419,14.438145875930786,6.640037536621094
1,0.9761870183062128,0.7600095455375406,14.359074115753174,6.806197166442871
2,0.9778628756085016,0.7575451147666789,14.673360347747803,6.8071980476379395
3,0.9853289518827978,0.7640416183925751,14.425356388092041,6.683084964752197
4,0.9701683748412123,0.7537292451562773,14.546244859695435,6.685086965560913
