,test_rmse,test_mae,fit_time,test_time
0,0.9983833393386939,0.7719568206677416,0.5634965896606445,1.3001158237457275
1,0.9913579713414912,0.7639402541189242,0.5804998874664307,1.2821028232574463
2,0.9922575771766333,0.7692150629228593,0.573493242263794,1.3021225929260254
3,0.995191717007319,0.7700664986612056,0.576495885848999,1.291102647781372
4,0.9923580551181963,0.7684928113167343,0.5814914703369141,1.290109634399414
