,test_rmse,test_mae,fit_time,test_time
0,0.9269528031377484,0.7171004228435328,3.2429447174072266,6.668079376220703
1,0.9276522370853082,0.7151532071864413,3.2329437732696533,6.743131160736084
2,0.9392953138933873,0.7241773768426485,3.2599668502807617,6.745150089263916
3,0.939817625126324,0.7202923989358322,3.2679646015167236,6.782185792922974
4,0.9309557993477678,0.7174697025917995,3.229940414428711,6.7711570262908936
