,test_rmse,test_mae,fit_time,test_time
0,0.9666604163024123,0.7412331542172998,0.16115784645080566,1.061964750289917
1,0.9623926591245081,0.7370583090454921,0.17215967178344727,1.0429468154907227
2,0.9555736608283455,0.7348824162473151,0.17015504837036133,1.0419487953186035
3,0.9621663139059765,0.7360761240516097,0.17015480995178223,1.039947271347046
4,0.9637183428252403,0.7393228217287303,0.16916203498840332,1.0499560832977295
