,test_rmse,test_mae,fit_time,test_time
0,0.9787440531610647,0.7538975228274241,0.15914487838745117,1.3332140445709229
1,0.9709511063082572,0.7525951365137378,0.17515921592712402,1.3243577480316162
2,0.9827255650569466,0.758073652757889,0.17515897750854492,1.3182001113891602
3,0.9795376393657836,0.7552267516291112,0.17516160011291504,1.3352155685424805
4,0.9733229290113372,0.7506679617209877,0.1751563549041748,1.3182005882263184
