,test_rmse,test_mae,fit_time,test_time
0,1.1072403602563456,0.8638580682599167,20.362694025039673,3.7143914699554443
1,1.1000803227828657,0.8555557134730628,20.57873773574829,3.746411085128784
2,1.0908799211178652,0.8485880173792902,20.64179539680481,3.7203874588012695
3,1.110544476269242,0.8652244133485741,20.502667903900146,3.9375855922698975
4,1.0936657166808956,0.8483057852415401,21.705265760421753,3.734407901763916
