,test_rmse,test_mae,fit_time,test_time
0,0.9646116895236464,0.7414159193897795,0.1611461639404297,1.2371268272399902
1,0.9778859043053073,0.7485307753710205,0.17115545272827148,1.2000930309295654
2,0.9652255647045453,0.7419584634163269,0.1731576919555664,1.199094295501709
3,0.9739351422638838,0.7481450846689193,0.17215681076049805,1.2040963172912598
4,0.9585843777187456,0.7397649356459329,0.17116403579711914,1.2091009616851807
