,test_rmse,test_mae,fit_time,test_time
0,1.001228562482037,0.7743960310752585,0.5695004463195801,1.3181889057159424
1,0.9914451386681014,0.766188939993897,0.5725126266479492,1.316169261932373
2,0.9960183543474276,0.771306011437089,0.5845255851745605,1.314176321029663
3,0.9869534086970162,0.7652482849702477,0.5765163898468018,1.3211822509765625
4,0.9959185357102582,0.7675487045241194,0.5765161514282227,1.3291893005371094
