,test_rmse,test_mae,fit_time,test_time
0,1.0023386211975271,0.775225464122552,0.8477721214294434,1.2471356391906738
1,1.0041199917003278,0.7788287390318892,0.8567798137664795,1.2471363544464111
2,0.9908403814232835,0.7699572815196363,0.8547780513763428,1.2471354007720947
3,1.0010827105847897,0.7748662736911655,0.8669359683990479,1.2561440467834473
4,0.988349643606909,0.7625788252110166,0.8607828617095947,1.2641513347625732
