,test_rmse,test_mae,fit_time,test_time
0,0.9708032057392959,0.7501094873738273,0.16115570068359375,1.3412213325500488
1,0.9825944727605402,0.7592995002489639,0.17716097831726074,1.3282008171081543
2,0.9841792098791472,0.7576821117516829,0.17415857315063477,1.3131983280181885
3,0.9767770745391784,0.7545277992499292,0.17615723609924316,1.307190179824829
4,0.9755527168306033,0.7508668709541669,0.17516827583312988,1.3292100429534912
