,test_rmse,test_mae,fit_time,test_time
0,1.0022694311733287,0.7746079551464562,0.8567709922790527,1.267162799835205
1,0.9923092729068189,0.7679760477299132,0.865788459777832,1.290165901184082
2,1.000403365311395,0.773854314522291,0.865788459777832,1.275160312652588
3,0.9953416097089364,0.770070716865021,0.860783576965332,1.2601473331451416
4,0.9955900684303964,0.7729594255497266,0.8607831001281738,1.285170078277588
