,test_rmse,test_mae,fit_time,test_time
0,0.9868302635053172,0.7660514515420118,14.452635288238525,5.529836654663086
1,0.9828342398417261,0.7624345990078472,15.46152400970459,5.629932880401611
2,0.9897862198612937,0.7700259980907196,14.330535411834717,5.567870855331421
3,0.9837793501609147,0.7650647327619879,14.428611278533936,5.5668792724609375
4,0.9768676401197447,0.7599868666413682,14.425621509552002,5.609904050827026
