,test_rmse,test_mae,fit_time,test_time
0,0.9990551749938698,0.7746672203202634,0.8607845306396484,1.1490542888641357
1,1.0009074525060144,0.7744635409087618,0.8477635383605957,1.1490542888641357
2,0.9986882782409775,0.771744881954845,0.8437683582305908,1.1490378379821777
3,0.9982220830159275,0.7754017417173683,0.852776050567627,1.1410391330718994
4,1.00489850354712,0.7769021723835627,0.8497738838195801,1.1650607585906982
