,test_rmse,test_mae,fit_time,test_time
0,0.9851807196477909,0.7643546911323642,14.387585401535034,5.46478009223938
1,0.9866381080096437,0.7665538402110916,14.388745546340942,5.657949209213257
2,0.9853640804067809,0.7668506571130141,14.601765155792236,5.543857574462891
3,0.9757574444539705,0.7592232678043801,14.369569063186646,5.577879190444946
4,0.9916058055550597,0.7714143043009176,14.47682499885559,5.4567646980285645
