,test_rmse,test_mae,fit_time,test_time
0,0.9280890059565885,0.7148680769414517,3.1888949871063232,6.428861856460571
1,0.9437216549363845,0.7279343120911557,3.232814073562622,6.600009202957153
2,0.9290739312499565,0.7160812384213048,3.293121099472046,6.6270341873168945
3,0.939526688062768,0.7230521659842156,3.236088752746582,6.554977655410767
4,0.9226451740349615,0.7121159005813179,3.31901216506958,6.586005926132202
