,test_rmse,test_mae,fit_time,test_time
0,1.0112101259827242,0.7833319806380241,0.8537769317626953,1.2481374740600586
1,0.9954078811666521,0.7680476601421409,0.852902889251709,1.2540152072906494
2,1.0018405376952058,0.7764621754578237,0.8637869358062744,1.2641510963439941
3,0.9968291766632749,0.7722176367605039,0.852776288986206,1.2401292324066162
4,0.9984492024483268,0.7733461635381728,0.8597826957702637,1.2331230640411377
