,test_rmse,test_mae,fit_time,test_time
0,0.9986282258474968,0.7702660861908625,0.8437709808349609,1.2701489925384521
1,0.9948582133934553,0.770174552439829,0.8587675094604492,1.3001840114593506
2,1.000507069548508,0.774033383700069,0.8517727851867676,1.2691442966461182
3,0.9912391880666913,0.7715663335981064,0.8597776889801025,1.26814603805542
4,1.0042999688057486,0.7763385540923711,0.8767921924591064,1.270148515701294
