,test_rmse,test_mae,fit_time,test_time
0,0.9833624561753208,0.7634586922521746,14.422037363052368,5.7431910037994385
1,0.9810461136546728,0.7635433617055553,14.324946880340576,5.896329641342163
2,0.9777034700997634,0.7582600297194041,14.595190525054932,5.874319076538086
3,0.9793535498998062,0.7588470516105844,14.397021293640137,5.8694329261779785
4,0.9853982370910269,0.767060426900219,14.642235517501831,5.831271409988403
