,test_rmse,test_mae,fit_time,test_time
0,0.9981564648111755,0.7750103277654782,0.5665159225463867,1.3192102909088135
1,0.9934599764886946,0.7705729434524514,0.5745236873626709,1.3382179737091064
2,0.9975386111427116,0.7734732481627533,0.5835311412811279,1.3292105197906494
3,1.004441511687067,0.7769497296624108,0.586531400680542,1.3162012100219727
4,0.9844098692148618,0.7647717877432051,0.5845322608947754,1.317199468612671
