,test_rmse,test_mae,fit_time,test_time
0,0.9942681608460598,0.7707299620706674,20.62833070755005,5.197378635406494
1,0.9780015600751139,0.7593595126773153,20.565284729003906,5.347494840621948
2,0.9840253135965303,0.7625738336180332,20.745428562164307,5.319471597671509
3,0.9888525831931101,0.7670533615907096,20.997658729553223,5.3214733600616455
4,0.9824234731941571,0.7621973187826249,20.756447553634644,5.3034608364105225
