,test_rmse,test_mae,fit_time,test_time
0,0.994942556770626,0.7702988048132503,0.5735211372375488,1.3272068500518799
1,1.0011172330080076,0.7747985902893907,0.5815279483795166,1.343221664428711
2,0.9955012071583429,0.7723528690347503,0.5805273056030273,1.3462247848510742
3,1.0017887507635928,0.7756993499454797,0.5845308303833008,1.3292088508605957
4,0.9879175237545234,0.7649727350301271,0.5875341892242432,1.3312227725982666
