,test_rmse,test_mae,fit_time,test_time
0,1.006424272076074,0.7845667725213251,14.140875339508057,4.302927255630493
1,1.0106990263153457,0.7897308057558832,14.257135152816772,4.492090463638306
2,1.0134352200133427,0.7878174189179453,14.333049535751343,4.485083818435669
3,1.009979777120164,0.7873437144562733,14.298017024993896,4.4510533809661865
4,1.00647414397897,0.7848391967092335,14.412129640579224,4.356967210769653
