,test_rmse,test_mae,fit_time,test_time
0,0.9863720256083374,0.7647874027921908,20.870028972625732,5.352681875228882
1,0.9798437791635416,0.7617792063296497,20.734145164489746,5.492919206619263
2,0.9809730330843424,0.7585915453050223,20.915287494659424,5.487809658050537
3,0.9902883442531275,0.7686616509624785,20.516947269439697,5.419732570648193
4,0.9763323156328714,0.757082828390517,20.721128702163696,5.4577720165252686
