,test_rmse,test_mae,fit_time,test_time
0,0.9788434451374212,0.756735678167454,20.807623863220215,5.549967288970947
1,0.9837168934611337,0.7600933987533528,20.519357442855835,5.7421393394470215
2,0.9774540921600071,0.7565947302705202,20.87484622001648,5.712112188339233
3,0.9852008841150981,0.7640029686851667,20.775608777999878,5.643101453781128
4,0.982320846113797,0.7624520886006054,20.93292212486267,5.715156555175781
