,test_rmse,test_mae,fit_time,test_time
0,1.0129024440592562,0.7851378167859021,0.8237509727478027,0.9248504638671875
1,1.0275252411401958,0.7973635026320418,0.835761547088623,0.8787999153137207
2,1.008858326855197,0.78268437230459,0.8367617130279541,0.8777995109558105
3,1.0104999208271843,0.78248723147189,0.8367619514465332,0.8798010349273682
4,1.0163546280179652,0.7883606147136333,0.8297553062438965,0.8798015117645264
