,test_rmse,test_mae,fit_time,test_time
0,1.0043231455568458,0.7761736906245318,0.85176682472229,1.0419573783874512
1,1.007027994011276,0.7799171763950323,0.8307561874389648,1.0359435081481934
2,1.0001081498286204,0.7750676870504221,0.835761308670044,1.0179266929626465
3,0.9904208887186191,0.7670343545072905,0.8367695808410645,1.010920763015747
4,0.9976338582798218,0.7737970929889467,0.8357605934143066,1.0279359817504883
