,test_rmse,test_mae,fit_time,test_time
0,0.9294013507790037,0.7195306610143669,3.2429521083831787,6.641047239303589
1,0.9266877884074438,0.7108883337200067,3.256964921951294,6.6921021938323975
2,0.9374734659880161,0.7213889369608039,3.269977331161499,6.716115236282349
3,0.9409094071728211,0.7242427810433741,3.218930244445801,6.711126327514648
4,0.931245656264362,0.7174921785557828,3.2289395332336426,6.685105323791504
