,test_rmse,test_mae,fit_time,test_time
0,0.9800705418936059,0.7564848283459704,0.1611464023590088,1.323204755783081
1,0.9727267503863857,0.7537101870280228,0.17615151405334473,1.329218864440918
2,0.971624308273273,0.7482978534984991,0.1751565933227539,1.3402202129364014
3,0.9804155423603367,0.7545811344071176,0.17415809631347656,1.320204257965088
4,0.9776950005932497,0.7537270337715792,0.17716073989868164,1.3222038745880127
