,test_rmse,test_mae,fit_time,test_time
0,0.9819477163410703,0.7599469768194048,20.898144245147705,5.342600107192993
1,0.9779079906679131,0.7574943017241034,20.54367733001709,5.622830390930176
2,0.9832635995963663,0.7616220269441466,21.11216950416565,5.516744136810303
3,0.9839066764853212,0.7619570324655016,20.911992073059082,5.383632183074951
4,0.9919983304935289,0.7717587241135723,20.806903839111328,5.497722148895264
