,test_rmse,test_mae,fit_time,test_time
0,0.9977412241231071,0.768652921399855,0.5655150413513184,1.1720759868621826
1,0.9921856444910091,0.764318925467711,0.5695300102233887,1.1660592555999756
2,0.9958772399426618,0.7687556287596539,0.5715200901031494,1.1630592346191406
3,0.9902151125075683,0.7622605272520568,0.5675168037414551,1.1700563430786133
4,0.991108749636844,0.7687547996065296,0.5685265064239502,1.1660645008087158
