,test_rmse,test_mae,fit_time,test_time
0,0.9967971006998088,0.7715439849951393,0.852776288986206,1.2391395568847656
1,1.0112546878800233,0.7819186534524967,0.8607842922210693,1.232123851776123
2,0.9925189694083267,0.768831095740632,0.8597793579101562,1.2571358680725098
3,0.9997784786799883,0.776070003364261,0.8627760410308838,1.2391407489776611
4,0.9943447313106423,0.7700074865608325,0.8627951145172119,1.2471351623535156
