,test_rmse,test_mae,fit_time,test_time
0,0.9353616437711444,0.7240613254878564,3.1688852310180664,5.275803804397583
1,0.9286973560407291,0.7146282653821419,3.173889636993408,5.401918888092041
2,0.9374146571071043,0.7223711888133106,3.247945785522461,5.336868047714233
3,0.9273988355056275,0.7148127016226987,3.258967399597168,5.275804281234741
4,0.9356955001107691,0.7204035569186447,3.2459557056427,5.416932106018066
