,test_rmse,test_mae,fit_time,test_time
0,0.9824262168078836,0.7570358256039043,20.57274317741394,6.449869632720947
1,0.9699103354193606,0.7484381526760484,20.687835693359375,6.578990459442139
2,0.9740406021942469,0.7541581605615957,20.586735725402832,6.612020492553711
3,0.9790890850931998,0.7590494168476062,20.593750476837158,6.611019849777222
4,0.9701861701322427,0.7536476044735136,20.891029119491577,6.486897945404053
