,test_rmse,test_mae,fit_time,test_time
0,1.0309749963729269,0.7950342202202001,0.5585172176361084,0.8067348003387451
1,1.0271341529856381,0.7935041600858669,0.5685174465179443,0.801729679107666
2,1.0297753602358264,0.7940549780501822,0.5615110397338867,0.8017306327819824
3,1.0361375153631225,0.7984557432321849,0.562511682510376,0.8097281455993652
4,1.029398894489524,0.7931366529714491,0.5645139217376709,0.8057334423065186
