,test_rmse,test_mae,fit_time,test_time
0,0.9731899792124897,0.7565339295381869,14.466084480285645,5.855283975601196
1,0.9835088785468166,0.7614444050313324,14.381142139434814,5.8504579067230225
2,0.9899309589657731,0.7674111009033686,14.536139726638794,5.882317304611206
3,0.9835392517306423,0.7632908764696569,14.44605827331543,5.907339572906494
4,0.9765585709008424,0.7624122785821373,14.452063798904419,5.917351007461548
