,test_rmse,test_mae,fit_time,test_time
0,0.9785084503544044,0.7523405171646356,0.16154789924621582,1.3288087844848633
1,0.9751663713284933,0.7521544171804816,0.17615962028503418,1.3251891136169434
2,0.9665126658949937,0.74491763334345,0.17315888404846191,1.3331942558288574
3,0.9729196152740474,0.7508108497456233,0.17215585708618164,1.3452157974243164
4,0.9752214779194781,0.7519311106674073,0.17716264724731445,1.3151865005493164
