,test_rmse,test_mae,fit_time,test_time
0,0.9930715925613232,0.7672449772260151,0.8647866249084473,1.2441420555114746
1,0.9937877785306776,0.7705935064808918,0.8647785186767578,1.2581541538238525
2,1.0059634465710026,0.7784418127606082,0.864783763885498,1.2371182441711426
3,0.9955324189748452,0.7721889062256861,0.8627851009368896,1.2451252937316895
4,1.0010780858011006,0.7744859199179145,0.8717939853668213,1.240128993988037
