,test_rmse,test_mae,fit_time,test_time
0,0.971800301124762,0.7545782884170051,20.74883198738098,5.8072710037231445
1,0.9823643662529945,0.7613507174315307,20.748839855194092,5.859318256378174
2,0.9798069401078713,0.7587418895489005,20.720969915390015,5.946397304534912
3,0.9848973564062059,0.7630779159076725,20.743762969970703,5.836289644241333
4,0.9726666512617547,0.7522713569377495,20.723063945770264,5.743221998214722
