,test_rmse,test_mae,fit_time,test_time
0,0.9940591772800664,0.7686142569059554,0.8457765579223633,1.287168025970459
1,1.005217129142983,0.7769086268970471,0.855776309967041,1.297177791595459
2,1.0002236984047288,0.7769800320094107,0.8637757301330566,1.2801721096038818
3,1.0000321665155718,0.7726702750397347,0.8537752628326416,1.2971796989440918
4,0.9927965282529168,0.768521316967243,0.8627829551696777,1.272470474243164
