,test_rmse,test_mae,fit_time,test_time
0,0.9928046825918383,0.771549167416547,0.5645215511322021,1.3442115783691406
1,0.9972731176108696,0.7744356043158946,0.5765318870544434,1.3372161388397217
2,0.9889150185184846,0.7655521409002749,0.5775156021118164,1.327204704284668
3,0.9937159003288232,0.7669067404851984,0.5765206813812256,1.3442201614379883
4,0.9988653836636301,0.7729397527041659,0.5775237083435059,1.3121907711029053
