,test_rmse,test_mae,fit_time,test_time
0,0.9898374923811593,0.7646975599483056,0.5735211372375488,1.3122060298919678
1,0.9976160838269404,0.7748030971413353,0.5735223293304443,1.3111934661865234
2,1.0018776726192973,0.7783791565244155,0.5775234699249268,1.3322131633758545
3,0.990718669744936,0.767644881699675,0.5775175094604492,1.321211338043213
4,0.9971651728438047,0.773920792941113,0.580528974533081,1.3262100219726562
