,test_rmse,test_mae,fit_time,test_time
0,0.9368796823185912,0.7233317188487343,3.1638805866241455,5.098642587661743
1,0.9288152475859431,0.7180933957984481,3.1748907566070557,5.390908718109131
2,0.9358967229302075,0.7217804336028688,3.2039144039154053,5.245767593383789
3,0.9336403132714771,0.7162286638375119,3.247957229614258,5.103644847869873
4,0.9353485445658586,0.7218261164001344,3.234945297241211,5.131663799285889
