,test_rmse,test_mae,fit_time,test_time
0,0.9888470372268532,0.7697405168525077,20.249438285827637,4.951507806777954
1,0.9914463342676111,0.768101007811434,20.47689652442932,4.9975502490997314
2,0.9869247544862828,0.7664479963545925,20.47680950164795,5.194730043411255
3,0.9936799723578933,0.7710543742726584,20.694843292236328,5.044593334197998
4,0.9877026882465153,0.7651951689404612,20.687984228134155,5.12866997718811
