,test_rmse,test_mae,fit_time,test_time
0,0.9948861258905659,0.7680073666647079,0.8677990436553955,1.2851552963256836
1,0.9960243080323695,0.7708229358470398,0.8607838153839111,1.2871654033660889
2,0.9866157641401978,0.7683911830099043,0.8656632900238037,1.2861673831939697
3,1.0063475028222493,0.7788882041784213,0.8567769527435303,1.2861676216125488
4,1.003319558534612,0.7758736549368606,0.8627824783325195,1.2851669788360596
