,test_rmse,test_mae,fit_time,test_time
0,1.006033441092625,0.7787289120157055,0.8697860240936279,1.2851617336273193
1,1.0005974312390806,0.7732331020641717,0.8617813587188721,1.2781531810760498
2,0.9980999717616186,0.7753850411640377,0.8557741641998291,1.266143798828125
3,0.9957417249988005,0.7728510714097412,0.8567659854888916,1.2781641483306885
4,0.9938975450081449,0.7667741419368711,0.8457562923431396,1.2931773662567139
