,test_rmse,test_mae,fit_time,test_time
0,0.9851217204103073,0.765754836621769,20.70241093635559,5.228395223617554
1,0.9801049890127429,0.7601245772211186,21.063705682754517,5.377512216567993
2,0.9897292124003125,0.7652230573903275,20.57828974723816,5.40454363822937
3,0.9824127887474635,0.7613922302970192,20.848692893981934,5.405534982681274
4,0.9845801035669157,0.7635960833610488,20.555298328399658,5.264422178268433
