,test_rmse,test_mae,fit_time,test_time
0,0.9672006562459148,0.7409462903813965,0.15714287757873535,1.0829861164093018
1,0.9598258091709894,0.7347220936901107,0.16915440559387207,1.064969539642334
2,0.9600690056393271,0.7374475806961596,0.17616057395935059,1.0409479141235352
3,0.961231897645503,0.7361734224053045,0.1711559295654297,1.0669715404510498
4,0.9613587542023131,0.7365841886704274,0.17115569114685059,1.056962490081787
