,test_rmse,test_mae,fit_time,test_time
0,0.9976916398011461,0.7709397424463386,0.8497827053070068,1.2491371631622314
1,0.9965680389036402,0.7716259679679107,0.8557791709899902,1.2601473331451416
2,1.0001963267293772,0.7727117107093815,0.8487699031829834,1.2811672687530518
3,0.9974817297002516,0.7724961871570787,0.8537774085998535,1.2731504440307617
4,1.0066370931279238,0.7803721791392702,0.8647875785827637,1.2511413097381592
