,test_rmse,test_mae,fit_time,test_time
0,0.9768705226058747,0.7586847190131714,20.45577645301819,6.128589630126953
1,0.9733937731656125,0.7522372312309148,20.830958366394043,6.157614707946777
2,0.9826304004102959,0.7605206177245398,20.574743032455444,6.329763174057007
3,0.9698018330319781,0.7519130840644076,21.056172609329224,6.346771001815796
4,0.9849317746499552,0.7566661821140156,20.56973695755005,6.391819715499878
