,test_rmse,test_mae,fit_time,test_time
0,1.0200272958041519,0.7856294554657829,0.5605103969573975,0.8637955188751221
1,1.0120451907669676,0.779303943179125,0.6035490036010742,0.8847966194152832
2,1.0155193618159124,0.7853326908691832,0.6195642948150635,0.8757972717285156
3,1.0223437351526077,0.7844198280004063,0.6185619831085205,0.9112129211425781
4,1.0226532313932257,0.7895546187574258,0.6157429218292236,0.8858160972595215
