,test_rmse,test_mae,fit_time,test_time
0,0.9735635997129282,0.7496842185431073,0.15914416313171387,1.320202350616455
1,0.9815770678348222,0.7570355495945489,0.17415833473205566,1.3212027549743652
2,0.9784467237827978,0.7560500798651956,0.17515873908996582,1.3292102813720703
3,0.9768300962631252,0.753448572497358,0.17415761947631836,1.3372178077697754
4,0.9708758071504151,0.7518099669920879,0.17515969276428223,1.3332138061523438
