,test_rmse,test_mae,fit_time,test_time
0,1.0120588681935478,0.7833189021214733,0.872788667678833,1.2601392269134521
1,0.9943235325947651,0.7695169103047016,0.85076904296875,1.2941701412200928
2,0.9988237870724522,0.7748463779683546,0.8547725677490234,1.2801575660705566
3,0.9892948389320552,0.7649862766558675,0.8988125324249268,1.3071815967559814
4,0.9919391745494649,0.7722975001481065,0.8679068088531494,1.2870500087738037
