,test_rmse,test_mae,fit_time,test_time
0,0.9928795123928696,0.7695837529683678,0.8717801570892334,1.278144121170044
1,1.0006842110768739,0.7766900054845415,0.8637723922729492,1.2771434783935547
2,0.9974020092016852,0.7706596051009333,0.870779275894165,1.2581264972686768
3,1.0057367327248246,0.7786222433794743,0.85776686668396,1.2791452407836914
4,0.994132818491895,0.7688789672859487,0.86277174949646,1.2801458835601807
