,test_rmse,test_mae,fit_time,test_time
0,0.9461997054909876,0.7300189095264472,3.162879467010498,4.235856771469116
1,0.9557024122227242,0.7390883522724556,3.2309412956237793,4.281898498535156
2,0.9538613759555276,0.7378545434985948,3.210923433303833,4.353964567184448
3,0.9402478138349434,0.7296171717017096,3.205920696258545,4.3359458446502686
4,0.95577840509144,0.7371079001409883,3.200913906097412,4.375984191894531
