,test_rmse,test_mae,fit_time,test_time
0,1.0391503212652655,0.8016496175725805,0.626579761505127,0.8697836399078369
1,1.0476204018625666,0.8073089949467018,0.6055517196655273,0.8397643566131592
2,1.052183917037223,0.813975159830354,0.5655145645141602,0.8027231693267822
3,1.03438986783697,0.7966828080639308,0.6175711154937744,0.8207471370697021
4,1.0385276927004528,0.8043590857674612,0.5595061779022217,0.7907199859619141
