,test_rmse,test_mae,fit_time,test_time
0,1.0014010080467561,0.7765081758139907,0.8467404842376709,1.262113094329834
1,0.9983552876165105,0.7722546165476568,0.8627543449401855,1.2671003341674805
2,0.9950010912344492,0.7714398532156242,0.860753059387207,1.2691097259521484
3,0.9941525875389492,0.7677240287363136,0.855748176574707,1.2671000957489014
4,1.000103295820173,0.773610107123998,0.8657577037811279,1.2661070823669434
