,test_rmse,test_mae,fit_time,test_time
0,0.9287613240022203,0.7174525791832611,3.2179300785064697,6.787179470062256
1,0.9335214145786482,0.7189746520968855,3.3010058403015137,6.848235607147217
2,0.9315165867383303,0.7182273045714458,3.302006483078003,6.928308486938477
3,0.9351132831010703,0.7197139914960136,3.2579574584960938,6.917377233505249
4,0.9341279996705678,0.7183891069067084,3.2919974327087402,6.900283098220825
