,test_rmse,test_mae,fit_time,test_time
0,1.0121689027305072,0.7878196571298538,14.087836265563965,4.356966972351074
1,1.010672187312151,0.789300356191226,14.246971845626831,4.492081165313721
2,1.0108226219608372,0.7884814571012566,14.245980024337769,4.464064836502075
3,0.9994044379542395,0.7799248893096892,14.227955341339111,4.400006055831909
4,1.0042477520317312,0.7849154321449651,14.62430739402771,4.477076768875122
