,test_rmse,test_mae,fit_time,test_time
0,0.9732954754018466,0.7528485695766529,20.796934127807617,6.120571851730347
1,0.978699702218787,0.7575446122978253,20.41474437713623,6.3157384395599365
2,0.9787734391526616,0.7556382424474328,20.664824724197388,6.142678260803223
3,0.9794463248738366,0.7586508429339343,20.62877321243286,6.233839511871338
4,0.9784237493106162,0.7555821733035929,20.74488639831543,6.214648723602295
