,test_rmse,test_mae,fit_time,test_time
0,0.9980097804838939,0.769806911326474,0.5635128021240234,1.07798171043396
1,0.9917840828434715,0.7649395036451073,0.5665149688720703,1.0549607276916504
2,1.0033288788617802,0.7740774859353962,0.5645132064819336,1.056962251663208
3,0.9999952522228083,0.7714852945481327,0.5645134449005127,1.0609662532806396
4,0.9914287762258994,0.7612397252399676,0.562511682510376,1.0609660148620605
