,test_rmse,test_mae,fit_time,test_time
0,1.0302543547722922,0.8011881329940291,0.8317570686340332,0.8067348003387451
1,1.0358120996860964,0.8008288925323669,0.8297579288482666,0.8157403469085693
2,1.0316528008966845,0.8030128169973647,0.8297557830810547,0.8097372055053711
3,1.0386013061273105,0.8075744168638671,0.8277537822723389,0.8047330379486084
4,1.0278603778445556,0.7995250028794864,0.8297553062438965,0.7977263927459717
