,test_rmse,test_mae,fit_time,test_time
0,0.9664035967462493,0.7484031335299977,14.433187246322632,6.853231430053711
1,0.9726582135910409,0.755341267421659,14.570418119430542,6.904294490814209
2,0.9765615885162429,0.7580605908293016,14.389101505279541,6.849236488342285
3,0.9806987106052584,0.7631569178988449,14.486192464828491,6.979352235794067
4,0.9743484752831051,0.7571074396915759,14.695372581481934,6.9393181800842285
