,test_rmse,test_mae,fit_time,test_time
0,0.9790866905510018,0.7613793696419918,14.459165811538696,6.525942325592041
1,0.9724795254548095,0.7543166676659081,14.36608338356018,6.629032850265503
2,0.9735101459699316,0.7565215760504029,14.79447054862976,6.694095134735107
3,0.9738963986567376,0.7549672932011618,14.587274312973022,6.605013132095337
4,0.9796533698825088,0.7612692260840186,14.513376951217651,6.634042501449585
