,test_rmse,test_mae,fit_time,test_time
0,1.002198882086671,0.7737485950747268,0.5745184421539307,1.3282005786895752
1,0.982344398163018,0.7641327114831953,0.5835261344909668,1.3101847171783447
2,0.9999646105923969,0.7737091646075781,0.5805244445800781,1.3101844787597656
3,0.9911798667005189,0.7661834681206058,0.5785219669342041,1.3312032222747803
4,0.9935763552386149,0.7699055881765198,0.5745189189910889,1.3241968154907227
