,test_rmse,test_mae,fit_time,test_time
0,0.9867151764744088,0.7665502679015784,14.54218864440918,5.802505970001221
1,0.981142738307539,0.7636714562081267,14.479150533676147,5.901356220245361
2,0.9749984060984755,0.7566255017492205,14.668315649032593,5.852309226989746
3,0.9733386210658701,0.7541685766994481,14.50816798210144,6.031474351882935
4,0.9876049776968383,0.767112384518957,14.281893491744995,5.889345407485962
