,test_rmse,test_mae,fit_time,test_time
0,1.0252259899046863,0.7964553146399336,3.158033609390259,3.6343069076538086
1,1.0242296571179035,0.7917646939696316,3.1638808250427246,3.6803510189056396
2,1.01977201063681,0.7880588997907036,3.202916383743286,3.7844455242156982
3,1.023654366462175,0.7880305739062187,3.1879026889801025,3.7494142055511475
4,1.0264742227654062,0.794253638828153,3.2411088943481445,3.8004605770111084
