,test_rmse,test_mae,fit_time,test_time
0,0.9748840290920254,0.7550155167064438,20.79378652572632,5.6260857582092285
1,0.9809818327972195,0.7591842839540331,20.701722145080566,5.635114431381226
2,0.9788519014890373,0.7606367646262869,21.000973224639893,5.818259000778198
3,0.974736392359649,0.7557438626836739,20.816994667053223,5.885320663452148
4,0.995698433642674,0.7672250245900445,20.853850603103638,5.756206035614014
