,test_rmse,test_mae,fit_time,test_time
0,0.9325449514159185,0.7178260073302719,3.2479488849639893,6.987362623214722
1,0.9303276074500967,0.7180271629378309,3.252960681915283,7.0704381465911865
2,0.9399658088796318,0.7261733136310856,3.235945224761963,7.26861834526062
3,0.9270790029119588,0.7148509790559776,3.2619686126708984,7.211566686630249
4,0.9384134447897126,0.7210173963722818,3.265972852706909,7.222576379776001
