,test_rmse,test_mae,fit_time,test_time
0,0.9374703353349145,0.720522350187972,3.1908841133117676,5.828268527984619
1,0.9261872637705558,0.7154702352251896,3.304979085922241,5.99543023109436
2,0.9361964897000152,0.7207447763017473,3.294978380203247,5.973399877548218
3,0.9230662076634794,0.7132127761655118,3.2879695892333984,5.9243550300598145
4,0.9380008563804101,0.7214865687330122,3.284968852996826,5.92635703086853
