,test_rmse,test_mae,fit_time,test_time
0,0.9617037673240477,0.7376083031201699,0.15615367889404297,0.9790480136871338
1,0.9678568142079997,0.7389094575788449,0.1831662654876709,0.9368531703948975
2,0.9685783390236166,0.7415703211236787,0.17115545272827148,0.93585205078125
3,0.9586356452713831,0.737881221312619,0.17215704917907715,0.9498646259307861
4,0.9597634270046258,0.732324357804963,0.17115545272827148,0.9558701515197754
