,test_rmse,test_mae,fit_time,test_time
0,1.145582169049647,0.8827492337287067,0.5735218524932861,0.7426674365997314
1,1.1504288299870546,0.8820309547023205,0.5635125637054443,0.7026422023773193
2,1.1328924148355268,0.8751667645707555,0.5645112991333008,0.693631649017334
3,1.1508079649112046,0.8871895178533348,0.5595097541809082,0.6926305294036865
4,1.1607035484575192,0.8943826215259558,0.5615108013153076,0.698636531829834
