,test_rmse,test_mae,fit_time,test_time
0,0.9958207005766024,0.7711153188261962,0.8427584171295166,1.2311301231384277
1,0.9981914233349704,0.7744863183732718,0.8517842292785645,1.2631497383117676
2,1.0053176234174457,0.7798536009259073,0.8537774085998535,1.250138282775879
3,0.994518346416481,0.7702195779871535,0.8517749309539795,1.274160623550415
4,0.9972250424762504,0.7698873778668023,0.8607838153839111,1.2461347579956055
