,test_rmse,test_mae,fit_time,test_time
0,0.9887333230812597,0.7642592816885196,0.8417668342590332,1.0949971675872803
1,0.9991303005107341,0.7730498039957157,0.8497724533081055,1.0929954051971436
2,0.9957969523546444,0.77455818130442,0.8417649269104004,1.113013744354248
3,1.0037039750569579,0.7787794011903717,0.8377618789672852,1.116015911102295
4,1.0121121311304264,0.7804608443993598,0.8377621173858643,1.1210205554962158
