,test_rmse,test_mae,fit_time,test_time
0,0.9556108442666889,0.73885398828627,3.1708872318267822,4.07971453666687
1,0.9564605239161379,0.7390051944892382,3.200913429260254,4.138768672943115
2,0.9655761636612709,0.7446805729657842,3.2091312408447266,4.151780366897583
3,0.961338651337576,0.7460697900094945,3.213926076889038,4.155784368515015
4,0.9618956123540428,0.7411614372519943,3.263972282409668,4.076711893081665
