,test_rmse,test_mae,fit_time,test_time
0,0.9823415549651601,0.7565563542918848,0.16214799880981445,1.3272078037261963
1,0.9699467802353114,0.7507802126620979,0.1731579303741455,1.3372197151184082
2,0.9804207080218421,0.7549490022319489,0.17415618896484375,1.3182003498077393
3,0.9724775031829823,0.7484407551751608,0.17415833473205566,1.3642418384552002
4,0.978016172435738,0.7533798499497191,0.17316055297851562,1.326204538345337
