,test_rmse,test_mae,fit_time,test_time
0,0.9287530869717947,0.7180304567745328,3.252960681915283,6.3158814907073975
1,0.931260864737018,0.71676666063343,3.2589659690856934,6.491910934448242
2,0.9312409772574296,0.7188651440231417,3.291996479034424,6.478898763656616
3,0.9376102537892217,0.721639880105701,3.2019119262695312,6.441864490509033
4,0.9289259272595807,0.71390553977251,3.28098464012146,6.603208065032959
