,test_rmse,test_mae,fit_time,test_time
0,0.967368758410329,0.7448038583785537,0.15714573860168457,1.3031926155090332
1,0.9761207470586658,0.752144525094099,0.17015504837036133,1.2561440467834473
2,0.9731849613098752,0.7489883433186859,0.17215919494628906,1.2481365203857422
3,0.964289948247363,0.7415982759855171,0.17215681076049805,1.2351245880126953
4,0.9697064598170685,0.7439925991522346,0.17215657234191895,1.2531414031982422
