,test_rmse,test_mae,fit_time,test_time
0,1.000655278771215,0.7726815418943793,0.8547782897949219,1.2391371726989746
1,0.995239967029288,0.7702188788651355,0.8747961521148682,1.2691562175750732
2,1.0083667306355903,0.7796121733392217,0.8749172687530518,1.26904296875
3,0.9916314556697439,0.7699110067915812,0.8637783527374268,1.281174898147583
4,0.9944677660948233,0.7693652724668709,0.8667891025543213,1.2861711978912354
