,test_rmse,test_mae,fit_time,test_time
0,0.9699956589831183,0.7467309436489928,0.16113519668579102,1.2970905303955078
1,0.9647178398273061,0.7418187245410099,0.17414641380310059,1.2890870571136475
2,0.9662650693475536,0.7427183566504977,0.17314529418945312,1.3050971031188965
3,0.9783389732549614,0.7542545998657196,0.1761479377746582,1.283078908920288
4,0.9728648210804779,0.7488114017111336,0.1741466522216797,1.2750718593597412
