,test_rmse,test_mae,fit_time,test_time
0,0.9703143839615626,0.7552433176470669,14.520201206207275,6.022477149963379
1,0.9805351362661183,0.7646605963366884,14.45113754272461,6.06351375579834
2,0.9848212487337752,0.7631875837433417,14.31501579284668,6.214653968811035
3,0.9808561741897966,0.7599204009412904,14.523197174072266,6.141585350036621
4,0.9764664349307624,0.7581808815688641,14.547228574752808,6.149591684341431
