,test_rmse,test_mae,fit_time,test_time
0,0.935435996782508,0.7203742209549653,3.204766273498535,5.4540605545043945
1,0.9347953162530973,0.7177124446564233,3.274808168411255,5.650862693786621
2,0.9395262492501232,0.7237710150437685,3.2748169898986816,5.687894344329834
3,0.929424699182833,0.7173900261180233,3.2207705974578857,5.615832090377808
4,0.9238476357541713,0.7133553273966797,3.275817632675171,5.554779529571533
