,test_rmse,test_mae,fit_time,test_time
0,0.9301194130057219,0.7160255702487818,3.2257022857666016,5.420565605163574
1,0.9403804690815115,0.7252941770945993,3.274742603302002,5.534661769866943
2,0.9320706155835108,0.718420694320117,3.304769992828369,5.535653114318848
3,0.9310259340795305,0.7180725174561094,3.2937674522399902,5.4565863609313965
4,0.9266042423142441,0.7154088024415931,3.2467286586761475,5.515645742416382
