,test_rmse,test_mae,fit_time,test_time
0,0.9905074884407862,0.7623353291635322,0.1621558666229248,1.3141968250274658
1,0.9745420305595607,0.7539328046456609,0.17504286766052246,1.3212001323699951
2,0.9770162792729553,0.7531788020790016,0.17616939544677734,1.3181920051574707
3,0.9719368387827032,0.748525655935856,0.17516136169433594,1.346226453781128
4,0.9790656606917695,0.7566574477021771,0.17515969276428223,1.339219093322754
