,test_rmse,test_mae,fit_time,test_time
0,0.9760836970487338,0.7569989992300008,14.353219032287598,6.362790107727051
1,0.979382987497121,0.758501123597659,14.328033924102783,6.322765111923218
2,0.9845030361296657,0.7643702543997745,14.372083902359009,6.371793270111084
3,0.9750570382306908,0.7579055466551777,14.389100551605225,6.3539299964904785
4,0.9742532829996523,0.7572803793117046,14.661339044570923,6.265713214874268
