,test_rmse,test_mae,fit_time,test_time
0,0.9733565042196325,0.7494102679141967,0.1611487865447998,1.3292200565338135
1,0.9789602383830982,0.7546496905441549,0.1771528720855713,1.308199405670166
2,0.9838378028435097,0.7585218173717128,0.17415857315063477,1.3212060928344727
3,0.9735896830515154,0.7517323810151767,0.17516183853149414,1.3031840324401855
4,0.9715968315409483,0.751646746769937,0.17433667182922363,1.3330357074737549
