,test_rmse,test_mae,fit_time,test_time
0,0.9339402509320284,0.7192285898097915,3.2569563388824463,6.037491083145142
1,0.9279474596935885,0.714817098869178,3.2469377517700195,6.106551885604858
2,0.9316043093109928,0.71979897081548,3.2879834175109863,6.050500869750977
3,0.9326509143640733,0.7173847746475102,3.2899763584136963,6.041484355926514
4,0.9289600201444281,0.7164094206516516,3.2849719524383545,6.233659505844116
