,test_rmse,test_mae,fit_time,test_time
0,0.9753620681340871,0.7502997943196386,0.16215038299560547,1.312147855758667
1,0.9709082764771583,0.7467137977606719,0.17315411567687988,1.290128469467163
2,0.970410046731543,0.748078018017227,0.17315149307250977,1.303140640258789
3,0.97226907136742,0.7505177178158982,0.1761457920074463,1.3081550598144531
4,0.9758860356134046,0.750331064306793,0.1721482276916504,1.3251590728759766
