,test_rmse,test_mae,fit_time,test_time
0,0.9905120268780169,0.7669112874791835,0.5584995746612549,1.2171173095703125
1,0.9929083063358645,0.766155417276625,0.5675139427185059,1.1790735721588135
2,0.99186562790162,0.7669218675875034,0.564516544342041,1.1910820007324219
3,0.9849290215580495,0.7632257277766687,0.5655150413513184,1.1890826225280762
4,1.0068756091950695,0.7739396713258228,0.567514181137085,1.207099199295044
