,test_rmse,test_mae,fit_time,test_time
0,0.9830230459829037,0.7669026976631064,14.465170860290527,5.090635061264038
1,0.9876718064955654,0.7684326435314199,14.31002926826477,5.433947563171387
2,0.9825617642549506,0.7644849752958447,14.244969844818115,5.2497804164886475
3,0.9927446298696693,0.7693171131889326,14.237964868545532,5.255784749984741
4,0.9997169865293192,0.7755315504137632,14.54423475265503,5.2748024463653564
