,test_rmse,test_mae,fit_time,test_time
0,0.9716616254436217,0.7484107059253842,0.1601550579071045,1.3292012214660645
1,0.9742837048643517,0.75005986749214,0.17516851425170898,1.3302109241485596
2,0.972171728699481,0.7518898565734774,0.17416095733642578,1.307187795639038
3,0.9816759697090355,0.7599656557158276,0.1771535873413086,1.3382189273834229
4,0.9876759375762273,0.7604740291295384,0.17515921592712402,1.3332128524780273
