,test_rmse,test_mae,fit_time,test_time
0,0.9892153594191542,0.7673551523466762,14.229862928390503,5.662118196487427
1,0.9810371731347669,0.7639851137572602,14.338960647583008,5.826267242431641
2,0.9882634410476457,0.7656085320548109,14.66224455833435,5.807249546051025
3,0.9751278623177334,0.7621290739895616,14.351972341537476,5.746203422546387
4,0.9803892946883795,0.7596610824248402,14.56216311454773,5.661126136779785
