,test_rmse,test_mae,fit_time,test_time
0,0.9884348549240538,0.7690344137720077,20.557880401611328,5.200735569000244
1,0.9848018155732813,0.7640641684800572,20.64279818534851,5.164700269699097
2,0.9865666015833635,0.765617522495424,20.674837350845337,5.292821645736694
3,0.9855062375497152,0.7659564357163088,20.48865556716919,5.238770008087158
4,0.9911182858972738,0.7668646962986948,20.650805950164795,5.23776650428772
