,test_rmse,test_mae,fit_time,test_time
0,0.9835981175893328,0.7608398407005997,20.842953205108643,5.838308334350586
1,0.9801151591914053,0.7597366895590563,20.720844984054565,5.998443126678467
2,0.9846075156619036,0.7647021136323495,20.875975131988525,5.962421417236328
3,0.9706958063687611,0.7491640003189227,20.689812660217285,5.892358064651489
4,0.9741008587275469,0.7537165069100557,20.989094257354736,5.892349004745483
