,test_rmse,test_mae,fit_time,test_time
0,0.9768171010381561,0.7554661080613805,20.59630298614502,6.024484395980835
1,0.9783070996349728,0.7570617980968818,20.758899688720703,6.178625106811523
2,0.9721944231902168,0.7536845525187711,20.916050672531128,6.136579275131226
3,0.9810254238637746,0.7581997569394772,20.547850847244263,6.082546710968018
4,0.9749798233308383,0.755339306439076,20.95407748222351,6.10655951499939
