,test_rmse,test_mae,fit_time,test_time
0,0.9974079290935833,0.7740591899421146,0.8527810573577881,1.2421355247497559
1,0.9975028236946138,0.7715779862245203,0.8657851219177246,1.255143165588379
2,1.0039828795699466,0.776413135548654,0.8607866764068604,1.2651400566101074
3,1.0078418863781236,0.7797305727149129,0.8547780513763428,1.282167911529541
4,0.9964509212242924,0.7672930398506391,0.8617842197418213,1.2601475715637207
