,test_rmse,test_mae,fit_time,test_time
0,0.9919060701779655,0.7694123263268099,14.46845817565918,5.304564476013184
1,0.9855942013652325,0.7678920067207652,14.432418823242188,5.449689626693726
2,0.9860722214339703,0.7659659209304346,14.557526588439941,5.41765284538269
3,0.9879531296604322,0.7684049853124009,14.4124014377594,5.430663824081421
4,0.9883803888379684,0.7686857636690122,14.41640591621399,5.315582275390625
