,test_rmse,test_mae,fit_time,test_time
0,0.9245372371426714,0.7109485870629013,3.278961658477783,5.957385063171387
1,0.9275481537725313,0.7176534015795469,3.2289187908172607,6.038458585739136
2,0.9341536063701852,0.7205862348236353,3.2759616374969482,6.068506479263306
3,0.943053506593688,0.7222784871652858,3.247947931289673,6.050491809844971
4,0.9320147517543106,0.719372634520341,3.2919771671295166,6.052501678466797
