,test_rmse,test_mae,fit_time,test_time
0,0.9707745374620517,0.752069695083783,20.90904712677002,6.2937304973602295
1,0.9776846758991942,0.752549397095689,20.71686577796936,6.396822214126587
2,0.9770743444103932,0.7565393771341333,20.837973833084106,6.437861919403076
3,0.9760016565985238,0.7549845451895998,20.91920280456543,6.375808000564575
4,0.9816849087069662,0.7609339164249562,20.879013776779175,6.341772079467773
