,test_rmse,test_mae,fit_time,test_time
0,0.9875235838326345,0.7615352627940343,20.965245008468628,6.32776141166687
1,0.9762008041232613,0.7540316583903821,21.197300910949707,6.433866500854492
2,0.9747293828396063,0.7523802727552424,20.632789373397827,6.296891450881958
3,0.9706594322938906,0.7524222883353414,20.619774341583252,6.510928392410278
4,0.9752843016793719,0.7558003894493495,20.952077865600586,6.400827884674072
