,test_rmse,test_mae,fit_time,test_time
0,0.9954485462720182,0.7705707481829972,0.8747963905334473,1.0619761943817139
1,1.0008283990311917,0.7723299325120649,0.8317573070526123,1.0679726600646973
2,0.9994448793990672,0.7782115093943484,0.8377628326416016,1.0559616088867188
3,1.0008998000774687,0.7752786072530693,0.8347601890563965,1.0749790668487549
4,0.9987988318815972,0.7727423474385777,0.8387634754180908,1.0579633712768555
