,test_rmse,test_mae,fit_time,test_time
0,0.9794262219986821,0.7538730350892647,20.650800704956055,6.2957329750061035
1,0.9710159892175049,0.7528615810366641,20.804943561553955,6.294731140136719
2,0.9756248376865843,0.756704527442517,20.5056734085083,6.29874324798584
3,0.9792779554367175,0.7578254544011597,20.7298743724823,6.374794006347656
4,0.9789426109743908,0.7564898216880676,20.575727224349976,6.384812831878662
