,test_rmse,test_mae,fit_time,test_time
0,0.9919365040814377,0.7699687269088845,0.5645222663879395,1.3272080421447754
1,0.9950423695731211,0.7703459256826131,0.5745258331298828,1.3151946067810059
2,0.9964395376892745,0.7757970435909612,0.5745229721069336,1.312195062637329
3,0.9969138097167498,0.7728615690352554,0.584540843963623,1.3182001113891602
4,0.9947071795066381,0.7699778409136654,0.5725188255310059,1.3271994590759277
