,test_rmse,test_mae,fit_time,test_time
0,0.9729870072993467,0.750021799859709,0.1631472110748291,1.31418776512146
1,0.9830218233681708,0.7602298056420379,0.17415785789489746,1.3211944103240967
2,0.9784293592760323,0.751380999356011,0.1731560230255127,1.3241972923278809
3,0.9715944910056414,0.747803168580841,0.17415714263916016,1.3342154026031494
4,0.9671434149409656,0.7452463104447339,0.17616772651672363,1.3086159229278564
