,test_rmse,test_mae,fit_time,test_time
0,1.00613312851918,0.7778257128587482,0.5695071220397949,1.318208932876587
1,0.9902675374402409,0.766391923498212,0.575524091720581,1.3131959438323975
2,0.9912375277786325,0.7693491100342194,0.5715208053588867,1.3382182121276855
3,0.9998764047761467,0.7746432075990138,0.5705215930938721,1.3222012519836426
4,0.995640281244782,0.7723433759878511,0.5715203285217285,1.342221975326538
