,test_rmse,test_mae,fit_time,test_time
0,1.0730227050123349,0.8346124706630506,20.428918838500977,3.683353900909424
1,1.064164720107162,0.8290462649772347,20.52268624305725,3.9515981674194336
2,1.070447003348342,0.8366147796476909,20.42459750175476,3.882534980773926
3,1.0751468963889497,0.8392987930431034,20.258614778518677,3.8445005416870117
4,1.0600049015920217,0.8259167176804076,20.540703058242798,3.7714335918426514
