,test_rmse,test_mae,fit_time,test_time
0,0.9684270635676611,0.744191097061653,0.16414976119995117,1.181075096130371
1,0.9686724616624907,0.7464613676710345,0.17415857315063477,1.1690647602081299
2,0.9625543598882444,0.7386383143226101,0.1731579303741455,1.1850790977478027
3,0.9617728304174215,0.7374891018096015,0.16915440559387207,1.1880815029144287
4,0.9672299615583443,0.7411683261071181,0.1711559295654297,1.1640598773956299
