,test_rmse,test_mae,fit_time,test_time
0,0.983264017655882,0.7619384963488502,14.435920238494873,5.498922109603882
1,0.9819788567668019,0.7641938357920961,14.294793844223022,5.586116075515747
2,0.9858253528982958,0.7664256015548225,14.658119678497314,5.624036073684692
3,0.9816546159625618,0.7640349271435092,14.255768060684204,5.68909478187561
4,0.9896681914457857,0.768407660577475,14.597064733505249,5.539966583251953
