,test_rmse,test_mae,fit_time,test_time
0,0.9755864868725989,0.7527800026237956,0.16315793991088867,1.3332133293151855
1,0.9827423520115293,0.7559054336530252,0.17402052879333496,1.3232131004333496
2,0.9782808821167425,0.7574139999187919,0.1791706085205078,1.3262076377868652
3,0.9707437927392374,0.7463020069158719,0.17715835571289062,1.3442234992980957
4,0.9696763577535309,0.7497156828144255,0.17615985870361328,1.317190408706665
