,test_rmse,test_mae,fit_time,test_time
0,0.969794279293276,0.7477187561387066,0.15914273262023926,1.3241875171661377
1,0.9766802047569194,0.7525688710594399,0.17415308952331543,1.3151774406433105
2,0.9702687740891456,0.7468747028558398,0.17615795135498047,1.31717848777771
3,0.9813153359233524,0.7548871120682821,0.17615771293640137,1.3011648654937744
4,0.9681100714224063,0.7453844064021824,0.17415595054626465,1.3101727962493896
