,test_rmse,test_mae,fit_time,test_time
0,0.9778799248966453,0.7529495462880135,0.15814423561096191,1.3452160358428955
1,0.9736612557413685,0.7529342718345747,0.1731572151184082,1.3302116394042969
2,0.98723585381847,0.7614570300728714,0.17314815521240234,1.3352224826812744
3,0.9681990118746694,0.7469630519221147,0.1781613826751709,1.3372199535369873
4,0.9857540732546033,0.7615522940169546,0.1781613826751709,1.3382182121276855
