,test_rmse,test_mae,fit_time,test_time
0,0.9842957437011344,0.7576103973985887,0.15915369987487793,1.3432211875915527
1,0.9745590895172715,0.7532079756741307,0.17515110969543457,1.3263404369354248
2,0.9676157026487403,0.7479200880353459,0.17716026306152344,1.3362174034118652
3,0.9816885698512273,0.7556274857288846,0.17515897750854492,1.3282105922698975
4,0.9666614703506324,0.7447663659309824,0.17415761947631836,1.3342130184173584
