,test_rmse,test_mae,fit_time,test_time
0,1.0034937160841975,0.778762861574764,0.5705113410949707,1.3422303199768066
1,0.9981699604036445,0.7718244087266111,0.5735225677490234,1.3242056369781494
2,0.9779349577218548,0.7579050757768501,0.5765349864959717,1.3382160663604736
3,1.0011237336826815,0.7757154442270459,0.5765275955200195,1.3292100429534912
4,0.9988887256445104,0.7784619969693052,0.5835285186767578,1.3222033977508545
