,test_rmse,test_mae,fit_time,test_time
0,0.9933089331729678,0.7702493703101015,20.37685751914978,4.431042909622192
1,0.9954682704796519,0.7721000023451424,20.30048418045044,4.615201950073242
2,0.9959551429585901,0.7756871831996782,20.29447865486145,4.561152935028076
3,1.0009530539443965,0.7786899777337566,20.64201021194458,4.4920899868011475
4,1.0005297686120633,0.7796903491328874,20.502668142318726,4.613200664520264
