,test_rmse,test_mae,fit_time,test_time
0,0.9316074962824324,0.7153561478949051,3.219933032989502,6.918307304382324
1,0.9242958033793001,0.7123084012911514,3.2309412956237793,7.093458414077759
2,0.9387520208686495,0.7213406598278891,3.2749786376953125,7.130492448806763
3,0.9290023493431416,0.7197425078754691,3.220924139022827,7.143512725830078
4,0.9446300137815976,0.7276154866550476,3.276975393295288,7.069437265396118
