,test_rmse,test_mae,fit_time,test_time
0,0.9756514208146374,0.7570990956906368,20.7909197807312,5.248778581619263
1,0.9897594125780862,0.7648748560393642,20.753894567489624,5.359889507293701
2,0.9845231607230874,0.7626250939703872,20.620774030685425,5.268796920776367
3,0.9845336202086408,0.7666342939302991,20.688835859298706,5.217594146728516
4,0.9888205209320358,0.7661668232449973,20.91659164428711,5.349496603012085
