,test_rmse,test_mae,fit_time,test_time
0,0.9356740603744038,0.7212043229808466,3.2208261489868164,5.6119091510772705
1,0.9329284087533171,0.7193144515827521,3.2668564319610596,5.795069456100464
2,0.9317207622925208,0.7187690163655376,3.3219056129455566,5.750199794769287
3,0.9350033712864821,0.7185384137903316,3.215813159942627,5.7300124168396
4,0.925837312254572,0.7145051836081584,3.3068838119506836,5.719002723693848
