,test_rmse,test_mae,fit_time,test_time
0,0.9976742584109423,0.7757881635845085,0.5745232105255127,1.3172082901000977
1,0.9892595121385509,0.7676919008973963,0.5815215110778809,1.325214147567749
2,0.9937029348551768,0.7676111748308023,0.5785253047943115,1.3101933002471924
3,0.9929745714575243,0.7695087043769819,0.5795192718505859,1.319265365600586
4,0.9996192967751204,0.7765765712600411,0.5765249729156494,1.3322131633758545
