,test_rmse,test_mae,fit_time,test_time
0,1.004320514088149,0.7820617604507877,20.44878077507019,4.255872964859009
1,0.9982005158591433,0.7754070455139115,20.530693769454956,4.426030158996582
2,0.9994919613773949,0.7782723269253639,20.421604871749878,4.463063716888428
3,1.0007385863872202,0.7776614662594614,20.487663507461548,4.398004531860352
4,1.0095739949694857,0.7853884082051416,20.668819427490234,4.4201860427856445
