,test_rmse,test_mae,fit_time,test_time
0,0.9878292281860794,0.7695694277173712,20.539870738983154,4.7583324909210205
1,0.9826782240947476,0.7619254060452016,20.366544246673584,4.940498352050781
2,1.0054670245451813,0.7798761216489682,20.491657733917236,4.869636535644531
3,0.9965155191552301,0.7757038660179302,20.621776819229126,4.832390546798706
4,0.9923575045300601,0.7720705047864219,20.59691619873047,4.796367406845093
