,test_rmse,test_mae,fit_time,test_time
0,0.990957736994059,0.7663118548658944,0.8417739868164062,1.2571444511413574
1,0.9996047846993066,0.7756717864998762,0.8587846755981445,1.255143165588379
2,1.003496037930908,0.7746497533444481,0.8567800521850586,1.280165672302246
3,0.9965294108522444,0.7734718857025047,0.8527765274047852,1.277162790298462
4,0.9993992582405529,0.7725624076290847,0.8667912483215332,1.256131887435913
