,test_rmse,test_mae,fit_time,test_time
0,0.9957701767141887,0.7718330036257552,0.5675065517425537,1.322211742401123
1,0.9972468350232949,0.7723419333573085,0.5735230445861816,1.3402202129364014
2,0.997892282684519,0.7762659858358654,0.5745236873626709,1.3332164287567139
3,0.9936525774409994,0.7697814083656931,0.5855331420898438,1.322204351425171
4,0.9964575543356378,0.7728915606200976,0.5775260925292969,1.3282113075256348
