,test_rmse,test_mae,fit_time,test_time
0,0.9363257311088172,0.7204089984495808,3.19989275932312,5.834264516830444
1,0.9273066265670891,0.7142040374155729,3.2379257678985596,6.0754921436309814
2,0.9307988561983326,0.7175964636724719,3.255099296569824,5.987412214279175
3,0.9321400370883298,0.719264975753364,3.278954267501831,5.989413499832153
4,0.932914159598382,0.7166718895786028,3.275961399078369,5.959395408630371
