,test_rmse,test_mae,fit_time,test_time
0,0.9307808263514179,0.7159480650103236,3.237938404083252,6.9003846645355225
1,0.9353051921554926,0.7205989118361125,3.231942892074585,7.180537939071655
2,0.9372249407280495,0.7209748441605259,3.299003839492798,6.96634316444397
3,0.9337473084614538,0.7201778972623198,3.2279417514801025,7.004375219345093
4,0.9313204123141733,0.718627855255704,3.299003839492798,7.175533771514893
