,test_rmse,test_mae,fit_time,test_time
0,0.9991123080505754,0.7701398961389843,0.5764961242675781,1.2861065864562988
1,0.9862230957373994,0.7624264464185835,0.5834989547729492,1.2851059436798096
2,0.9973335479987835,0.7738349264097153,0.5774941444396973,1.280094861984253
3,0.9952970051074339,0.770062915622407,0.576493501663208,1.2830958366394043
4,0.9880329419012328,0.7666552939698268,0.5794899463653564,1.276106357574463
