,test_rmse,test_mae,fit_time,test_time
0,0.9337405231521774,0.7189368868438963,3.2259392738342285,6.438861846923828
1,0.9394619685468895,0.7242264767636907,3.2629787921905518,6.578989028930664
2,0.928025446174152,0.7155411037608405,3.2509515285491943,6.57399320602417
3,0.9284983048052593,0.7177597596910111,3.255955696105957,6.479907989501953
4,0.9327062121686144,0.7165143109647674,3.3160195350646973,6.617022275924683
