,test_rmse,test_mae,fit_time,test_time
0,0.9789667663256805,0.758886049191907,20.711867094039917,6.171621084213257
1,0.9663597646144294,0.7484345432052302,20.5967538356781,6.385814666748047
2,0.9758426799496525,0.7531719244106351,20.508681297302246,6.337770700454712
3,0.9874043635871635,0.7622856263528436,20.684833526611328,6.2737157344818115
4,0.9818811647247768,0.7599244849865783,20.630776405334473,6.464895248413086
