,test_rmse,test_mae,fit_time,test_time
0,1.0049436327339187,0.7780803352275598,0.825751781463623,0.9651365280151367
1,1.0001992149863532,0.7778858769870147,0.8387627601623535,0.9688823223114014
2,0.9987301830256472,0.7733226771547511,0.8377628326416016,0.9758884906768799
3,1.0037610823161203,0.7760170880506518,0.839763879776001,0.9788918495178223
4,1.0075177495366776,0.7800118347802548,0.8297550678253174,0.9708843231201172
