,test_rmse,test_mae,fit_time,test_time
0,0.9653061333763138,0.7457824594411278,0.15914487838745117,1.336216926574707
1,0.9793414388867996,0.7576386037455787,0.17415881156921387,1.324204921722412
2,0.983967505436424,0.757880883423932,0.17716407775878906,1.3151977062225342
3,0.9764819518982142,0.756144837736275,0.17415833473205566,1.3312122821807861
4,0.974879785417993,0.7507158057627312,0.17716169357299805,1.320204257965088
