,test_rmse,test_mae,fit_time,test_time
0,0.9343358927320754,0.7179445880488489,3.2119243144989014,6.848244667053223
1,0.9370505266001957,0.719483020930348,3.2169289588928223,6.8742616176605225
2,0.9317228665969562,0.7180697883100685,3.322021722793579,6.947325706481934
3,0.9395801099086779,0.7266623137105434,3.2309420108795166,7.01838231086731
4,0.9266099256709879,0.7149636821887773,3.29399037361145,7.032414436340332
