,test_rmse,test_mae,fit_time,test_time
0,0.9998997713353349,0.7747629573127723,0.8397650718688965,1.1050176620483398
1,1.0017743404614075,0.7763881457531505,0.8387632369995117,1.1080067157745361
2,0.994885352501657,0.7710325537562958,0.8327560424804688,1.1170170307159424
3,0.9937838364329258,0.766936772003699,0.8357610702514648,1.1060070991516113
4,1.0008653955228106,0.7770272285882734,0.8367619514465332,1.1280272006988525
