,test_rmse,test_mae,fit_time,test_time
0,1.0043755942473436,0.779484608154062,3.170886754989624,3.7904512882232666
1,1.0083454849378712,0.7792759327834465,3.2589666843414307,3.8094685077667236
2,1.0034359067574332,0.7729939659263653,3.2639713287353516,3.7874486446380615
3,1.0117252876560954,0.78012308790072,3.2659733295440674,3.8485043048858643
4,1.0120423560421579,0.7841346862718641,3.1879019737243652,3.855510711669922
