,test_rmse,test_mae,fit_time,test_time
0,1.0162226579601918,0.7927447648679058,20.51767873764038,3.914564371109009
1,1.0295081380182582,0.8015029666126098,20.476796627044678,4.078713893890381
2,1.0220189820481296,0.7976644875258868,20.493056297302246,4.11762261390686
3,1.0276011029057657,0.7999780954674408,20.326507806777954,4.076711893081665
4,1.028306682319717,0.802148567639435,20.59591054916382,4.047685623168945
