,test_rmse,test_mae,fit_time,test_time
0,0.9881937602264577,0.7690284471377886,14.379570245742798,5.442760944366455
1,0.9845739856331504,0.7654063699651006,14.408611059188843,5.4147279262542725
2,0.9915376437396788,0.7679561933789224,14.681841611862183,5.521839618682861
3,0.988012987656209,0.7689107106276215,14.491666078567505,5.539846420288086
4,0.9780940845734324,0.7611175053265843,14.362566232681274,5.483953237533569
