,test_rmse,test_mae,fit_time,test_time
0,0.9939195168752522,0.7689650043392368,0.562511682510376,1.3352158069610596
1,0.9929104860921357,0.7719067958114356,0.5705113410949707,1.3232126235961914
2,0.9890709293926432,0.7679812900652364,0.5695180892944336,1.3352158069610596
3,0.999009620019964,0.773764896494116,0.575523853302002,1.3241968154907227
4,0.99705563615267,0.7719770421283051,0.5795273780822754,1.3182003498077393
