,test_rmse,test_mae,fit_time,test_time
0,0.9874711335041446,0.7646833582799771,0.5645220279693604,1.2871742248535156
1,0.9922064272167227,0.7685520515189787,0.5875427722930908,1.2631499767303467
2,0.9947058467878478,0.7678956014889924,0.5785355567932129,1.2811570167541504
3,0.9999771507006123,0.7721771620251726,0.5785267353057861,1.2891738414764404
4,0.99628064578237,0.7703667673930568,0.5805363655090332,1.2621514797210693
