,test_rmse,test_mae,fit_time,test_time
0,1.000309021432335,0.7733808575240682,0.572498083114624,1.2971348762512207
1,0.9940643278854083,0.7672118874941323,0.5734751224517822,1.2921302318572998
2,0.9926492845016374,0.766271649622463,0.5765039920806885,1.3131484985351562
3,0.9934287309353782,0.7685124374763568,0.5725009441375732,1.3011384010314941
4,0.9894943137867303,0.7685249846907305,0.5734996795654297,1.2891299724578857
