,test_rmse,test_mae,fit_time,test_time
0,0.9697868073980832,0.7544118399548239,14.558257818222046,6.436858892440796
1,0.9718890478747053,0.7545160005244456,14.435134887695312,6.5609822273254395
2,0.9784408424731372,0.7573790520518133,14.56225872039795,6.547961950302124
3,0.9825768267133069,0.7642108053228748,14.500203132629395,6.512927055358887
4,0.9819990971215512,0.760918304350082,14.567264080047607,6.516936779022217
