,test_rmse,test_mae,fit_time,test_time
0,0.9779453292310449,0.7587929829480807,3.219940423965454,3.8875396251678467
1,0.9919340281688138,0.7679952491200568,3.244957447052002,3.9545979499816895
2,0.9702218689992377,0.7497289201999713,3.2481181621551514,3.9495961666107178
3,0.9754870511906677,0.7537863606923393,3.247957229614258,3.9535999298095703
4,0.9799549091135825,0.7564295662948664,3.1999106407165527,3.981625556945801
