,test_rmse,test_mae,fit_time,test_time
0,0.9975626635001311,0.7753425663331518,0.5885381698608398,1.3382163047790527
1,0.9988935116298423,0.7722703322787761,0.6067252159118652,1.3352174758911133
2,0.991081254615444,0.7692151179515547,0.5835311412811279,1.321211576461792
3,0.9908475986567388,0.7696443390872248,0.5705170631408691,1.3332135677337646
4,1.0011346193963506,0.7749625781821867,0.5815186500549316,1.3302197456359863
