,test_rmse,test_mae,fit_time,test_time
0,0.9762494905734876,0.753934941648472,3.1828982830047607,3.926575183868408
1,0.9721295688566007,0.7510599036911835,3.200914144515991,4.048686742782593
2,0.9763432836336283,0.7566533036916471,3.272972345352173,4.122761249542236
3,0.9752051958644007,0.7556678904776828,3.2039167881011963,4.009653329849243
4,0.9755524735976765,0.7549740912340399,3.229942798614502,3.966609477996826
