,test_rmse,test_mae,fit_time,test_time
0,1.0051403288163132,0.7763299327713481,0.8297464847564697,0.9398643970489502
1,1.0045472925690662,0.7782173914263585,0.8337588310241699,0.9648787975311279
2,0.9992908195439482,0.7745930813269254,0.8387613296508789,0.9418578147888184
3,1.0076122190432384,0.7801311313739863,0.8457784652709961,0.946861743927002
4,1.0075263652602733,0.7810187071226781,0.8407657146453857,0.949864387512207
