,test_rmse,test_mae,fit_time,test_time
0,0.9904884568431359,0.7701038591711287,0.8517754077911377,1.248145341873169
1,0.9989258058416163,0.7721298297689584,0.8607931137084961,1.252131700515747
2,0.9940841831327788,0.7686302507051707,0.8657801151275635,1.2431318759918213
3,1.0089668818932243,0.7806883831453845,0.8707926273345947,1.236116886138916
4,0.9991301217059989,0.7736794213270508,0.8677992820739746,1.2661526203155518
