,test_rmse,test_mae,fit_time,test_time
0,0.9925484807719106,0.771869086433764,20.38555908203125,4.729306221008301
1,0.9949054281910263,0.7756938744013233,20.531686305999756,4.852418899536133
2,0.9993068354339125,0.7773085156213475,20.618911743164062,4.873307466506958
3,0.997333945496415,0.7725067767076103,20.681822776794434,4.819397211074829
4,0.987815143249246,0.7665884296170737,20.832983255386353,5.125837564468384
