,test_rmse,test_mae,fit_time,test_time
0,0.9802841496228585,0.7616040428639201,14.585280895233154,6.106557130813599
1,0.9789631723719165,0.761484269061481,14.352924346923828,6.236686944961548
2,0.9836214537180633,0.7644124070320024,14.339054346084595,6.274712800979614
3,0.9747572481770653,0.7569920276665174,14.619478464126587,6.314749002456665
4,0.9750596205880644,0.7557610468409782,14.551247596740723,6.272719860076904
