,test_rmse,test_mae,fit_time,test_time
0,0.9860074339707166,0.7654095197329225,0.5805284976959229,1.2271175384521484
1,0.9987125812744693,0.770467720402577,0.5665159225463867,1.1990840435028076
2,0.9867010240692232,0.7658374989050025,0.573530912399292,1.1980934143066406
3,0.9942582801863098,0.7648202890544681,0.5625119209289551,1.1980822086334229
4,0.9966729410555342,0.7698169849894603,0.5615110397338867,1.2201108932495117
