,test_rmse,test_mae,fit_time,test_time
0,1.063599000475376,0.8229003598061753,0.5655059814453125,0.8007380962371826
1,1.0556556433226325,0.8164492865761518,0.5665156841278076,0.7666985988616943
2,1.058620063930583,0.8173601107912012,0.5605103969573975,0.7536861896514893
3,1.0703075986798793,0.8227352870686928,0.5825304985046387,0.7596917152404785
4,1.051435955729267,0.8117525517712544,0.6145486831665039,0.7827115058898926
