,test_rmse,test_mae,fit_time,test_time
0,0.9940906699039331,0.7718012448578669,0.5715200901031494,1.3553507328033447
1,0.9958088130045581,0.7694030104880266,0.5795300006866455,1.3372180461883545
2,0.9917335951855357,0.7705417688162278,0.5785267353057861,1.328212022781372
3,0.9987446776188368,0.7740846855293977,0.5815298557281494,1.3412210941314697
4,0.9959373532010934,0.7706474919307411,0.5755124092102051,1.3502380847930908
