,test_rmse,test_mae,fit_time,test_time
0,1.0010245721128732,0.7758807887662647,0.5675256252288818,1.3031864166259766
1,0.9903985041161508,0.7695303713941242,0.5715205669403076,1.3342068195343018
2,1.006307791709775,0.777260891986891,0.5725235939025879,1.330212116241455
3,0.9897282172143923,0.7689919642182763,0.5685179233551025,1.336219072341919
4,0.9952874545792324,0.7712728649050148,0.5795280933380127,1.3171987533569336
