,test_rmse,test_mae,fit_time,test_time
0,0.9393562958046994,0.7205613448228104,3.2469468116760254,6.7401463985443115
1,0.9369680038043506,0.7218315175176436,3.2629714012145996,7.025396823883057
2,0.9360889787417794,0.7214928695729519,3.2099223136901855,6.82921838760376
3,0.9253966341961668,0.7145801219324005,3.247955799102783,6.8242127895355225
4,0.9305508775762988,0.7189935901052256,3.258955240249634,6.86925482749939
