,test_rmse,test_mae,fit_time,test_time
0,1.0161492229616713,0.7808514751666303,0.5745229721069336,0.8819735050201416
1,1.0144233929485238,0.7810570211257316,0.5685195922851562,0.8727922439575195
2,1.016686172591854,0.7849108385010728,0.5645139217376709,0.8767979145050049
3,1.01391664547929,0.7813201858475705,0.562511682510376,0.881803035736084
4,1.0045995230343192,0.7740067981075459,0.5665156841278076,0.8747961521148682
