,test_rmse,test_mae,fit_time,test_time
0,0.9785109233063912,0.7564307476150941,0.15813803672790527,1.2991364002227783
1,0.9782605349976976,0.7515595520717244,0.17515277862548828,1.3021392822265625
2,0.9718842776738437,0.7491505796521649,0.17415165901184082,1.3001372814178467
3,0.9720087946023943,0.7497037421766022,0.1771547794342041,1.3021390438079834
4,0.9727152641925387,0.7472125783699124,0.17515301704406738,1.3031399250030518
