,test_rmse,test_mae,fit_time,test_time
0,0.9399091022961238,0.7237417191831155,3.2429604530334473,6.8752601146698
1,0.934160245644589,0.7196682969519065,3.277984619140625,7.054426193237305
2,0.928734910381399,0.7170055762156491,3.310014486312866,6.941319942474365
3,0.9275222467069327,0.7159015756557179,3.241955041885376,6.952327728271484
4,0.9409265572242994,0.7217236449876623,3.2899956703186035,7.043413400650024
