,test_rmse,test_mae,fit_time,test_time
0,0.9937083099838747,0.7732005433878061,20.378758907318115,4.456057548522949
1,0.9898235585014087,0.7685120500235163,20.674824953079224,4.5541465282440186
2,1.0069825601977207,0.7846830434315836,20.534846782684326,4.482090473175049
3,1.0071489342564584,0.7824448254800566,20.332510948181152,4.599187850952148
4,0.9985116866114403,0.7731066466806124,20.61877417564392,4.458058834075928
