,test_rmse,test_mae,fit_time,test_time
0,0.9302160988108888,0.7142402738500878,3.2679758071899414,6.656052112579346
1,0.930940966281495,0.7177133834104801,3.287984609603882,6.722129583358765
2,0.9292428596075324,0.7149309440276347,3.305166721343994,6.7911810874938965
3,0.942151139084907,0.7267346171915798,3.2749733924865723,6.8222198486328125
4,0.932998245622884,0.7214260070078601,3.246955633163452,6.811202049255371
