,test_rmse,test_mae,fit_time,test_time
0,0.9657383162241533,0.7414898132728392,0.15615105628967285,1.1040050983428955
1,0.9566268552572,0.7308554741980213,0.17215704917907715,1.0849878787994385
2,0.9685878143856499,0.7433792248150483,0.17215657234191895,1.0799837112426758
3,0.9659808454842366,0.7416506935962692,0.17015480995178223,1.0819857120513916
4,0.9643103112108717,0.7412564994299927,0.1720263957977295,1.0869901180267334
