,test_rmse,test_mae,fit_time,test_time
0,0.9792111260993412,0.7592803703797735,14.447952032089233,5.537954807281494
1,0.9893159124160296,0.7669261286373946,14.337832927703857,5.628037929534912
2,0.9843305061429227,0.7685874276408584,14.635264873504639,5.753149509429932
3,0.9815616459402673,0.7616658238940526,14.40188980102539,5.691093921661377
4,0.9888935317805442,0.7689231859913805,14.833284854888916,5.644042491912842
