,test_rmse,test_mae,fit_time,test_time
0,0.9303886669541789,0.7180228853496072,3.1989171504974365,6.121566534042358
1,0.9312093206037225,0.717829694232747,3.231938600540161,6.292722702026367
2,0.9272988152631695,0.7143913314805734,3.3050053119659424,6.277708530426025
3,0.9316315745138488,0.7184819604432908,3.250953197479248,6.217653751373291
4,0.9360247030024932,0.7201486345328497,3.2469520568847656,6.297727108001709
