,test_rmse,test_mae,fit_time,test_time
0,0.9996257669606976,0.7727299149714404,0.627570629119873,1.2981822490692139
1,0.985952345548916,0.763564839529976,0.5705187320709229,1.2461345195770264
2,1.0013294011587206,0.7712173554710484,0.5735213756561279,1.3342158794403076
3,0.9985248664935071,0.7704132004670445,0.5695176124572754,1.2611479759216309
4,0.9782919166842295,0.7587290096127643,0.6205642223358154,1.2991828918457031
