,test_rmse,test_mae,fit_time,test_time
0,0.9986521260095009,0.772258052693625,0.8777687549591064,1.2531042098999023
1,0.9876479697995172,0.7677431015164954,0.8587586879730225,1.2550978660583496
2,0.9967853957122056,0.7705500808345969,0.8637533187866211,1.249084234237671
3,0.9999283548594078,0.774861830194094,0.8597495555877686,1.2641057968139648
4,1.0042125060155935,0.7761490845539595,0.8617513179779053,1.2510859966278076
