,test_rmse,test_mae,fit_time,test_time
0,0.9771768262676624,0.7584492994214782,14.64632511138916,6.333775758743286
1,0.9818687355954208,0.7645001963060363,14.385096311569214,6.485905408859253
2,0.9757351279285286,0.7570410789983113,14.638327360153198,6.426843166351318
3,0.9840968132069162,0.7630124459930816,14.3470618724823,6.5409557819366455
4,0.966040672467582,0.7494479677286737,14.618309259414673,6.4088358879089355
