,test_rmse,test_mae,fit_time,test_time
0,1.0051570119989794,0.7798261786275972,0.8247594833374023,1.1970901489257812
1,1.0013814205718543,0.7732268118309494,0.8407628536224365,1.1530499458312988
2,0.99161972285039,0.769924165408456,0.8397648334503174,1.1530497074127197
3,0.9958130590297258,0.770864532268663,0.8407630920410156,1.1610572338104248
4,0.9985115748177101,0.7713510383313218,0.8697919845581055,1.1540508270263672
