,test_rmse,test_mae,fit_time,test_time
0,0.9265999932484167,0.7172545335848228,3.202925205230713,6.400827646255493
1,0.9363321814663066,0.7173919528916312,3.2479567527770996,6.485904932022095
2,0.9249453472407324,0.7135157923676826,3.232943296432495,6.595004081726074
3,0.9357945670980995,0.7211262606348845,3.250960111618042,6.428852558135986
4,0.9385429342977938,0.7235590393842886,3.2799832820892334,6.539954662322998
