,test_rmse,test_mae,fit_time,test_time
0,0.9730709310045441,0.751339675614106,0.15714311599731445,1.2751612663269043
1,0.9762786953097822,0.7491003484186585,0.17115569114685059,1.2521400451660156
2,0.9668004653262559,0.7445725972340187,0.17215609550476074,1.2481365203857422
3,0.9747346563735553,0.7486652346400506,0.17215657234191895,1.2471356391906738
4,0.9647076873905688,0.7423619670702418,0.17115521430969238,1.2461345195770264
