,test_rmse,test_mae,fit_time,test_time
0,0.9908671239315716,0.7666634404926325,20.30349564552307,4.976531267166138
1,0.9891004968036572,0.7670822431666866,20.303486108779907,5.145685434341431
2,0.9877768943013833,0.7680542839739668,20.81826663017273,5.183720111846924
3,0.9925580291029881,0.7668647102672224,20.501667499542236,5.092637062072754
4,0.9840612309015699,0.7666951546082686,20.68412709236145,5.091503858566284
