,test_rmse,test_mae,fit_time,test_time
0,1.032122298868511,0.8053125605248037,20.26761245727539,3.9215731620788574
1,1.0218926749981576,0.7966143201523576,20.508673667907715,4.086721181869507
2,1.025357230058522,0.8008292233690748,20.426599264144897,4.065701961517334
3,1.0240375516074076,0.7963510969738151,20.376715898513794,4.036675453186035
4,1.0369197899491176,0.8101535539725173,20.461631059646606,4.007648944854736
