,test_rmse,test_mae,fit_time,test_time
0,0.9700795113797506,0.7517811665827363,14.46517014503479,6.751147270202637
1,0.978204986298619,0.7595818424507851,14.451021432876587,6.832212448120117
2,0.9774138767179378,0.7572711932995362,14.445152997970581,6.894279718399048
3,0.9748908837852908,0.7575378698286466,14.318039655685425,6.889270544052124
4,0.9707737945689616,0.7549941679108177,14.558254718780518,6.869255065917969
