,test_rmse,test_mae,fit_time,test_time
0,0.970281883745632,0.7537895434411055,14.392104387283325,6.5641233921051025
1,0.9795846826831756,0.7599835954598715,14.474187850952148,6.848235607147217
2,0.9676022305140554,0.7522265575376187,14.535094499588013,6.706106662750244
3,0.9788566023539578,0.7600580668392827,14.32003903388977,6.637043714523315
4,0.980630031685553,0.7607256748975153,14.545243978500366,6.6390368938446045
