,test_rmse,test_mae,fit_time,test_time
0,0.9762125319450995,0.750784843467274,0.16014552116394043,1.3232049942016602
1,0.9713797506293292,0.7515570154879861,0.17415785789489746,1.3302114009857178
2,0.9706303512321822,0.7499562287169268,0.17515921592712402,1.3372268676757812
3,0.9906810792916723,0.7635182713756906,0.1731574535369873,1.335207223892212
4,0.9751064295954467,0.751601298570608,0.17716026306152344,1.3322131633758545
