,test_rmse,test_mae,fit_time,test_time
0,0.9945265248758965,0.7680668781306474,0.5775060653686523,1.300144910812378
1,0.9792903992472165,0.7587585049013513,0.5845134258270264,1.3101356029510498
2,0.9943198919325804,0.7672909332363711,0.5845110416412354,1.289130687713623
3,0.9915844042705279,0.7675780833202205,0.5795068740844727,1.3031418323516846
4,1.001532202434288,0.7754394443476466,0.588505744934082,1.3431832790374756
