,test_rmse,test_mae,fit_time,test_time
0,0.9838824906298217,0.762590180404348,20.545698165893555,5.095789909362793
1,0.984693125316586,0.7647142448944924,20.473787784576416,5.324857711791992
2,0.9946220236027361,0.7705822587866621,20.685835123062134,5.214748382568359
3,0.979043747751092,0.7603747428838873,20.64179515838623,5.195730686187744
4,0.9888885199483698,0.7657391162110534,20.607980012893677,5.204739093780518
