,test_rmse,test_mae,fit_time,test_time
0,0.9769686800270226,0.7585851004860258,14.50415563583374,5.867325067520142
1,0.985956220932919,0.7656387359511274,14.423099517822266,6.018462657928467
2,0.9784732538040776,0.7580960863898892,14.403063535690308,5.988444805145264
3,0.9750649460651295,0.7583053922627113,14.339015007019043,5.96040940284729
4,0.9869397267483717,0.7665428675160023,14.510160446166992,6.020473003387451
