,test_rmse,test_mae,fit_time,test_time
0,0.975921845766583,0.7522997464081272,0.16114377975463867,1.3111741542816162
1,0.9751732776390818,0.7521013045404892,0.17615008354187012,1.299161672592163
2,0.9731744028575612,0.7481423785083571,0.17415404319763184,1.3401992321014404
3,0.9675831205883114,0.7449067820492031,0.17602324485778809,1.3173918724060059
4,0.9774562189907918,0.7542003739571818,0.1731574535369873,1.3152337074279785
