,test_rmse,test_mae,fit_time,test_time
0,0.9696721683252316,0.7497930317274996,20.767884731292725,5.8637189865112305
1,0.9803364491260099,0.7574575709390743,20.809932708740234,5.964423418045044
2,0.9789612311144614,0.7576447850768337,20.761886835098267,6.022478103637695
3,0.983460709995548,0.7632067409143919,20.538676261901855,6.059509992599487
4,0.9779096396065207,0.758387923246214,20.66779112815857,6.070511817932129
