,test_rmse,test_mae,fit_time,test_time
0,0.9809835279840634,0.7546012119066965,0.1601569652557373,1.2661526203155518
1,0.9603690601334236,0.7405840960332462,0.17515945434570312,1.2591466903686523
2,0.9712980425350702,0.7479617714733159,0.17616009712219238,1.2831683158874512
3,0.9678904846227302,0.7433172911564849,0.1731574535369873,1.26615309715271
4,0.9680244832527235,0.7450498535657947,0.17515969276428223,1.2701563835144043
