,test_rmse,test_mae,fit_time,test_time
0,1.0024109884337593,0.7795664726232593,14.207945346832275,4.939497947692871
1,0.9945276158829798,0.7761105419270312,14.275190591812134,4.87844181060791
2,0.9828996820566243,0.764716117398142,14.261985778808594,4.983537673950195
3,1.0040036054982313,0.7805056426363739,14.306026220321655,4.954510927200317
4,0.9953102337001798,0.7728073384633075,14.48936653137207,4.955512046813965
