,test_rmse,test_mae,fit_time,test_time
0,0.964885001424984,0.746067606117095,0.16214680671691895,1.3442325592041016
1,0.9695021287046649,0.7443696105896126,0.17716050148010254,1.3111896514892578
2,0.9642394862631186,0.7450505176042332,0.17715239524841309,1.310196876525879
3,0.9802878284091002,0.7545575113897739,0.17415714263916016,1.3402173519134521
4,0.9888397189776467,0.7623263886463961,0.1761612892150879,1.3392152786254883
