,test_rmse,test_mae,fit_time,test_time
0,0.9907694575779832,0.7699095656178174,0.5715060234069824,1.3352148532867432
1,0.9945038688663139,0.7681233286260137,0.5815322399139404,1.3221957683563232
2,0.9941613881236943,0.7695442088071361,0.5795238018035889,1.334197759628296
3,0.9952674961785463,0.7687549384697332,0.5695171356201172,1.3412103652954102
4,0.99243950606201,0.770540848139654,0.5765211582183838,1.3211939334869385
