,test_rmse,test_mae,fit_time,test_time
0,0.935402099638424,0.7212032011924624,3.2339439392089844,6.338772535324097
1,0.9337223133581716,0.7200849301377932,3.2309412956237793,6.498081684112549
2,0.9274866222415643,0.7159956224970472,3.2679758071899414,6.375804424285889
3,0.9332346591806049,0.7170752561052327,3.226938009262085,6.440864086151123
4,0.9312338516977207,0.7168195481566375,3.2389490604400635,6.432849645614624
