,test_rmse,test_mae,fit_time,test_time
0,0.9817738448785572,0.7524277593580179,0.1611473560333252,1.3392183780670166
1,0.9803474344831249,0.7575024195974053,0.17716097831726074,1.3131957054138184
2,0.9744032752499838,0.7517662963919167,0.17515325546264648,1.3282155990600586
3,0.9785634649625289,0.7571095210261074,0.17717218399047852,1.321199893951416
4,0.9721468063483076,0.7527522017067,0.17515921592712402,1.3252062797546387
