,test_rmse,test_mae,fit_time,test_time
0,1.1329642982366683,0.8853525977682691,14.402113199234009,3.7053656578063965
1,1.1364100556879422,0.8874891256525772,14.246981620788574,3.7534172534942627
2,1.1387756032613265,0.8908541089730443,14.082822322845459,3.7894504070281982
3,1.138839443283441,0.8884620693671825,14.135870695114136,3.7494142055511475
4,1.134572480139755,0.884456527403445,14.263979434967041,3.8274850845336914
