,test_rmse,test_mae,fit_time,test_time
0,1.00644857852361,0.777464506741701,0.551511287689209,0.9348509311676025
1,1.0134564115906812,0.7795191046581275,0.5645060539245605,0.9188473224639893
2,1.009480673876052,0.7784862329291953,0.5605080127716064,0.9018211364746094
3,1.0078473990124883,0.7770878214331763,0.5615193843841553,0.8938140869140625
4,1.0067209115102516,0.7749035596833209,0.5635130405426025,0.9118304252624512
