,test_rmse,test_mae,fit_time,test_time
0,0.9818341864930351,0.761848735583132,20.655773401260376,5.925388813018799
1,0.9748315344346614,0.7529693739823722,20.522669315338135,6.126571178436279
2,0.9759491226399687,0.7575267912167736,20.67378807067871,6.1115686893463135
3,0.9795903819226861,0.7563291139949256,20.762871503829956,6.068527460098267
4,0.9777494423881424,0.7557722378936493,20.745855808258057,6.173614263534546
