,test_rmse,test_mae,fit_time,test_time
0,0.9326861635714576,0.7182867759893405,3.1716742515563965,5.39953875541687
1,0.9364537536091738,0.7224741317752222,3.2347195148468018,5.364511489868164
2,0.9363932469232586,0.7207968710995312,3.255737066268921,5.499622583389282
3,0.9305760672399388,0.7180828239162376,3.27293062210083,5.530657529830933
4,0.9280387072135322,0.7158333558431486,3.292768716812134,5.455594062805176
