,test_rmse,test_mae,fit_time,test_time
0,0.9663997658954658,0.7373954228749484,0.1601545810699463,0.9338502883911133
1,0.955433350498546,0.7338858698783307,0.17015480995178223,0.9238414764404297
2,0.9663165388892062,0.7374867860433345,0.17215681076049805,0.9198403358459473
3,0.963592236062143,0.7382287877328698,0.16915392875671387,0.92984938621521
4,0.9574021422385443,0.730986685591368,0.17115259170532227,0.919837474822998
