,test_rmse,test_mae,fit_time,test_time
0,0.9807559872580521,0.7525359356519421,0.15814685821533203,1.308135986328125
1,0.9664226042427814,0.7458389572400189,0.17515063285827637,1.3161518573760986
2,0.9758788643965445,0.7504551734026214,0.17315387725830078,1.3061399459838867
3,0.9609046846769332,0.7369149155886187,0.17315125465393066,1.3101460933685303
4,0.9735392392544244,0.7540158433506986,0.1721503734588623,1.314150094985962
