,test_rmse,test_mae,fit_time,test_time
0,0.996425838494245,0.7709667686538376,0.8367705345153809,1.26615309715271
1,0.9992308052286173,0.7730803230905667,0.855771541595459,1.2641589641571045
2,0.9989396006191777,0.774862269514528,0.857780933380127,1.256143569946289
3,0.9949268115097174,0.77107699658533,0.8587801456451416,1.2621490955352783
4,1.0073525633004499,0.7785338633363421,0.8607745170593262,1.2571532726287842
