,test_rmse,test_mae,fit_time,test_time
0,1.0126431885558307,0.7900298814428444,14.361076354980469,4.177803993225098
1,1.0181246637905217,0.7935090278217362,14.168891906738281,4.466276168823242
2,1.009449211126085,0.7842878955063677,14.32721209526062,4.4030091762542725
3,1.0163673643206441,0.7949731580962539,14.118854999542236,4.391999006271362
4,1.0061819078268985,0.7863025019689043,14.35607123374939,4.318932771682739
