,test_rmse,test_mae,fit_time,test_time
0,0.972621012260533,0.7548426317567656,14.430139064788818,6.3677978515625
1,0.9831531450235295,0.7633264963679378,14.455158710479736,6.554971218109131
2,0.9786363616325432,0.7589798467138746,14.501192092895508,6.540964603424072
3,0.9733419059886846,0.7585646250927844,14.344060182571411,6.540953159332275
4,0.9748935707619834,0.7562911358984012,14.629310607910156,6.505932807922363
