,test_rmse,test_mae,fit_time,test_time
0,0.9984827664749358,0.7713433590324619,0.5615026950836182,1.3402204513549805
1,0.9887225411669116,0.7667643219581718,0.5685091018676758,1.3562431335449219
2,0.9911025857007418,0.7700366803610624,0.5725212097167969,1.3502318859100342
3,0.9929016107715932,0.7727293718240291,0.5825304985046387,1.3272082805633545
4,1.001561373589354,0.7753916530047307,0.5765249729156494,1.3131954669952393
