,test_rmse,test_mae,fit_time,test_time
0,0.9844315941161714,0.7663115397213187,14.359079122543335,5.230396509170532
1,0.9863625523176788,0.7665818444940135,14.560239553451538,5.311464786529541
2,0.9918735788331683,0.7725891273136941,14.3330397605896,5.41756534576416
3,0.9811602554809012,0.7639309554303586,14.760404825210571,5.369513511657715
4,0.9925344436900359,0.7691520352006705,14.457144260406494,5.378520965576172
