,test_rmse,test_mae,fit_time,test_time
0,0.9448939260345706,0.7255711199055681,3.181875467300415,5.8022541999816895
1,0.9274645178918033,0.7150853829279402,3.244925022125244,5.9794135093688965
2,0.9275901909413694,0.7143840684504214,3.218909740447998,5.958386182785034
3,0.9320195353878618,0.7189981501787318,3.202894926071167,5.974400520324707
4,0.926702453564619,0.7152392481095294,3.3039841651916504,5.956384181976318
