,test_rmse,test_mae,fit_time,test_time
0,0.9750349767169461,0.7525385100280775,0.15914463996887207,1.3212122917175293
1,0.9705099874399359,0.7507192575125865,0.17724204063415527,1.3091108798980713
2,0.9779871502320897,0.754302256799986,0.17415809631347656,1.3151981830596924
3,0.9734178123136001,0.7493727136318193,0.17515850067138672,1.3272087574005127
4,0.9858479323019765,0.7613742177305391,0.1751565933227539,1.3141963481903076
