,test_rmse,test_mae,fit_time,test_time
0,0.982975629973057,0.7577804499556299,0.16014528274536133,1.3322126865386963
1,0.979076306726916,0.7544958300972814,0.1731574535369873,1.3272075653076172
2,0.9766055633390384,0.7550666700208717,0.17415833473205566,1.3181991577148438
3,0.9761408786366534,0.7513892924021417,0.17415785789489746,1.3151967525482178
4,0.9783776126409728,0.7567792522019701,0.17415714263916016,1.3242056369781494
