,test_rmse,test_mae,fit_time,test_time
0,0.9798307652967377,0.7575407387825692,20.57973837852478,6.512941598892212
1,0.9672244775448243,0.7468810186518874,20.572723865509033,6.589007616043091
2,0.9711654220186535,0.7500606418889783,20.811940908432007,6.562984466552734
3,0.9798835144629414,0.7579313069917524,20.480651140213013,6.558980703353882
4,0.9781952818231054,0.7570500347717289,20.786927223205566,6.533949136734009
