,test_rmse,test_mae,fit_time,test_time
0,0.9856914993047032,0.7656374331442857,14.390084505081177,6.034489870071411
1,0.9696683575065176,0.7545981234569447,14.400094747543335,6.13257622718811
2,0.9807846897123149,0.7621327281695242,14.539385795593262,6.152592658996582
3,0.9818347066572745,0.7614762640941233,14.496181726455688,6.053504705429077
4,0.979515351874,0.7604949244751423,14.573248863220215,6.132576942443848
