,test_rmse,test_mae,fit_time,test_time
0,1.0057308454815121,0.7754280516390406,0.84977126121521,1.3021819591522217
1,1.0005355458558973,0.7724288771712668,0.8707878589630127,1.3001880645751953
2,0.9962046549781511,0.7720648135741274,0.8807985782623291,1.2711541652679443
3,0.9920976125029531,0.7708792454412046,0.8677873611450195,1.2861673831939697
4,0.9974875485761427,0.7735256788612818,0.8657858371734619,1.2811625003814697
