,test_rmse,test_mae,fit_time,test_time
0,0.9303409881719295,0.7166229053635123,3.253962516784668,6.456881999969482
1,0.9421824851781762,0.7264261273914412,3.2459523677825928,6.6370460987091064
2,0.9313421128924397,0.7183137534478702,3.2499589920043945,6.621020317077637
3,0.9364913721931291,0.7187558230693244,3.2309412956237793,6.640048980712891
4,0.9227331004986946,0.7108945638024484,3.301004648208618,6.648050546646118
