,test_rmse,test_mae,fit_time,test_time
0,0.9972125049827876,0.7678059864831199,0.5535039901733398,1.0579631328582764
1,0.9974588779914549,0.766738475167968,0.5685265064239502,1.0449509620666504
2,1.0006692995986903,0.7732873780368341,0.5655145645141602,1.037945032119751
3,0.9939051715013353,0.768582247106375,0.5645139217376709,1.045954704284668
4,0.995754517598725,0.766066771622556,0.5665125846862793,1.042949914932251
