,test_rmse,test_mae,fit_time,test_time
0,0.9647497840405608,0.740828360785601,0.1581411361694336,1.1190190315246582
1,0.9624101915263484,0.7381003276014635,0.17015480995178223,1.1090097427368164
2,0.9692626794729933,0.7455678882995359,0.17215657234191895,1.0939960479736328
3,0.9652327530112418,0.7403085329164198,0.17316031455993652,1.0879907608032227
4,0.9579910479523237,0.7343012294058238,0.1711559295654297,1.1200201511383057
