,test_rmse,test_mae,fit_time,test_time
0,0.9957248390547169,0.7704205275794163,0.5665156841278076,1.3242058753967285
1,1.0016555533427627,0.7774685670506097,0.5735254287719727,1.3161952495574951
2,0.9934514028892996,0.7714449277492657,0.5765273571014404,1.3181982040405273
3,0.9882535876885562,0.7657123700413794,0.5715172290802002,1.3402225971221924
4,0.9930205375429029,0.7707537807962409,0.5715291500091553,1.3292100429534912
