,test_rmse,test_mae,fit_time,test_time
0,0.9730247195824625,0.7491729418243497,0.16514134407043457,1.2861824035644531
1,0.9683654766058762,0.7438039953359967,0.17415881156921387,1.282167673110962
2,0.9695113977484969,0.7436228330932084,0.1761612892150879,1.2751600742340088
3,0.9755475752042486,0.7516761265528423,0.175156831741333,1.2681574821472168
4,0.9681677166914852,0.746714791728699,0.17415857315063477,1.2731506824493408
