,test_rmse,test_mae,fit_time,test_time
0,0.9882246651924917,0.7672765141260659,20.327667236328125,5.172709941864014
1,0.9851340193106588,0.765680974979648,20.467636346817017,5.196732044219971
2,0.9782846200239866,0.7605959025526461,21.106372117996216,5.773257493972778
3,0.986838589814273,0.7646203915348635,21.23433256149292,5.486995697021484
4,0.9890085782973038,0.7665247162814267,22.261276245117188,5.336859226226807
