,test_rmse,test_mae,fit_time,test_time
0,0.9876487231417239,0.7652581680949291,20.83896255493164,6.28473162651062
1,0.9777790512339861,0.7548003062485152,20.59074878692627,6.439863443374634
2,0.96994661342393,0.7508481340333992,20.6227924823761,6.371801853179932
3,0.9664685985414982,0.7488044906388501,20.814941883087158,6.4258503913879395
4,0.9817596609375453,0.7576838048612387,20.634947538375854,6.284724950790405
