,test_rmse,test_mae,fit_time,test_time
0,0.928086130266078,0.7142862936294843,3.1937484741210938,5.40364933013916
1,0.9215570722345484,0.7107087461254957,3.271815061569214,5.4987287521362305
2,0.9387163850750802,0.7237364323246681,3.248793601989746,5.545771360397339
3,0.934957975334975,0.7205915647499984,3.271815299987793,5.641846656799316
4,0.937404457604928,0.7225110818844727,3.254802942276001,5.524751663208008
