,test_rmse,test_mae,fit_time,test_time
0,0.9854702912215956,0.7612091230240956,0.5645139217376709,1.2471356391906738
1,0.9892314975143147,0.7645888523507168,0.5725209712982178,1.2081000804901123
2,0.9937816819053067,0.7694038752519553,0.5685176849365234,1.2151060104370117
3,0.9961995354627521,0.7718959021947834,0.5735225677490234,1.2151062488555908
4,1.0018604453153979,0.7714543258295735,0.5665149688720703,1.2141051292419434
