,test_rmse,test_mae,fit_time,test_time
0,0.9368937822858127,0.7231797157714953,3.2319300174713135,6.150604009628296
1,0.940003226416446,0.7220948805102234,3.2309465408325195,6.337762832641602
2,0.9208567877846507,0.7090317450750084,3.2959954738616943,6.387808799743652
3,0.9311995819575813,0.718018776695409,3.2829771041870117,6.330765008926392
4,0.932543476653713,0.7183572155277177,3.2809829711914062,6.2446675300598145
