,test_rmse,test_mae,fit_time,test_time
0,0.9964535495847826,0.7719969074266905,0.846759557723999,1.2511508464813232
1,1.0005179694486384,0.7737015127708176,0.8637864589691162,1.2401297092437744
2,1.0051329184476445,0.7799851929716054,0.8657801151275635,1.2581453323364258
3,0.993720504332865,0.7665876150650117,0.8627846240997314,1.2721583843231201
4,0.9990992514096744,0.7736744770885471,0.8687901496887207,1.2621490955352783
