,test_rmse,test_mae,fit_time,test_time
0,0.9376337342335663,0.7197917290836575,3.2289490699768066,6.54495906829834
1,0.9291639541021357,0.7161774900559401,3.229933261871338,6.652064323425293
2,0.9317889250754317,0.7181161813453856,3.245955467224121,6.69309401512146
3,0.9324698248122183,0.7193993083667238,3.240957736968994,6.741138458251953
4,0.9327637724356508,0.7209806364810604,3.250959634780884,6.696329355239868
