,test_rmse,test_mae,fit_time,test_time
0,0.9680582596903815,0.7455320487682721,0.15714287757873535,1.137035846710205
1,0.9666683696271906,0.7423549386324537,0.17215704917907715,1.1060068607330322
2,0.9642942903446639,0.737636339197153,0.1711559295654297,1.1140143871307373
3,0.9585101534625527,0.7368350517354694,0.16915416717529297,1.1070079803466797
4,0.9635477928705136,0.739176269411047,0.1711559295654297,1.1210205554962158
