,test_rmse,test_mae,fit_time,test_time
0,0.9701448857674796,0.7519026078941854,20.645787239074707,6.0344953536987305
1,0.9850802781663592,0.7600310016041568,20.721864938735962,6.182628631591797
2,0.9701756310543262,0.7514197881108526,20.766905546188354,6.120572566986084
3,0.9879239051676244,0.7616718645233463,21.85706639289856,6.197642803192139
4,0.9813461492042147,0.7590338584525762,20.833967924118042,6.24268364906311
