,test_rmse,test_mae,fit_time,test_time
0,0.9792067757019333,0.7573299247236508,20.932051181793213,6.475896120071411
1,0.9740088387069209,0.7499278453262577,20.737889766693115,6.558974504470825
2,0.9728031621422393,0.7540921148656227,20.62077522277832,6.603012800216675
3,0.9771504655701615,0.753963465568888,20.621941804885864,6.450865030288696
4,0.974620267838774,0.7536504690555683,20.649802207946777,6.543958425521851
