,test_rmse,test_mae,fit_time,test_time
0,0.9621749149937265,0.7449194363083453,20.50766348838806,6.1105756759643555
1,0.9777324217650871,0.7588206187099437,20.515679836273193,6.299745321273804
2,0.9766644548709273,0.7535651793631414,20.603751182556152,6.236688137054443
3,0.9816990033332209,0.7581712026331212,20.710856676101685,6.217671155929565
4,0.9867182491832216,0.7616051048155617,20.738002061843872,6.323760747909546
