,test_rmse,test_mae,fit_time,test_time
0,0.9330702740535731,0.7190831005472517,3.1778934001922607,5.3038318157196045
1,0.9242149484408807,0.7103924755074502,3.1939103603363037,5.541043043136597
2,0.9235586630037749,0.7158369834327002,3.2029192447662354,5.385901689529419
3,0.9411289534374234,0.7237171152621481,3.2039196491241455,5.290815114974976
4,0.9411099091744817,0.7252940319927695,3.2549638748168945,5.3651063442230225
