,test_rmse,test_mae,fit_time,test_time
0,0.9972578173459185,0.7729855878301045,0.8727941513061523,1.239128589630127
1,0.9947799174988569,0.769974282744911,0.8537776470184326,1.2661526203155518
2,0.997627655089662,0.7707936699532273,0.8517758846282959,1.2581450939178467
3,1.0079567332025237,0.7788277638619437,0.851776123046875,1.2561438083648682
4,0.9935953757219249,0.7681873937934445,0.8577814102172852,1.2511394023895264
