,test_rmse,test_mae,fit_time,test_time
0,0.9945819785936878,0.771812105065897,0.5795271396636963,1.3292195796966553
1,0.9961321749325911,0.7707287074637784,0.5775253772735596,1.344224214553833
2,1.0005798464592928,0.7746834724864957,0.5745205879211426,1.3222041130065918
3,0.9990888604776357,0.7753073511582094,0.5825216770172119,1.3462257385253906
4,0.990422730034291,0.7672981550242479,0.5885353088378906,1.355233907699585
