,test_rmse,test_mae,fit_time,test_time
0,0.9822635982191747,0.759545933244261,14.354069471359253,6.66907262802124
1,0.9781731565038905,0.7618238811656873,14.525223970413208,6.733139514923096
2,0.9748623369237968,0.7551764088286872,14.478174448013306,6.832229375839233
3,0.968692333860732,0.7529799546677186,14.355071067810059,6.70510458946228
4,0.9715917336641122,0.753043548298744,14.644495725631714,6.698107481002808
