,test_rmse,test_mae,fit_time,test_time
0,0.9782931020281775,0.7596372019283061,14.408316850662231,6.837225437164307
1,0.9776595542118223,0.7571265499251757,14.43414306640625,7.047416687011719
2,0.9685045130814566,0.7518104924778509,14.58427119255066,7.081447601318359
3,0.9735918574197424,0.7582719251953226,14.343059062957764,7.0013747215271
4,0.9712412835505488,0.7534935572484787,14.451155662536621,6.938327074050903
