,test_rmse,test_mae,fit_time,test_time
0,0.9320511972202332,0.718828313870542,3.1548638343811035,5.040598392486572
1,0.9267440631924876,0.7160834922767167,3.1989097595214844,5.176714181900024
2,0.9417865611600666,0.7256465953271447,3.2609691619873047,5.135676145553589
3,0.9347664103434705,0.7221954630445478,3.234945297241211,5.286816358566284
4,0.9348895560570677,0.7191940605406462,3.2359461784362793,5.222755432128906
