,test_rmse,test_mae,fit_time,test_time
0,1.0024105800589658,0.775037297740051,0.5735137462615967,1.2941575050354004
1,0.9840122155734841,0.7630826826758826,0.569509744644165,1.3151772022247314
2,0.9933935150184036,0.7693520253840093,0.5765137672424316,1.2971611022949219
3,0.9948648353855919,0.7697671913476306,0.5745229721069336,1.2961599826812744
4,0.9927891766313847,0.7656535321099575,0.5795176029205322,1.311173677444458
