,test_rmse,test_mae,fit_time,test_time
0,0.9822942059770534,0.7619056510782525,14.23395824432373,6.204650402069092
1,0.9798270196549745,0.7598935654925516,14.444140434265137,6.264712572097778
2,0.9729790292754361,0.7545847304325235,15.35997223854065,6.322765588760376
3,0.9733612085323796,0.756073537463956,14.348053693771362,6.315762281417847
4,0.9815404388722544,0.7633586289936222,14.45815372467041,6.241692304611206
