,test_rmse,test_mae,fit_time,test_time
0,1.0015122316625753,0.7754393317263026,0.8517153263092041,1.2410435676574707
1,0.9939747363954008,0.7704137446795044,0.8697307109832764,1.2380409240722656
2,1.0015587014666019,0.7746680445382115,0.868729829788208,1.2510521411895752
3,0.997748331680278,0.7733276059013171,0.8677287101745605,1.2522034645080566
4,1.000017659175028,0.7757273609201703,0.8597221374511719,1.2460477352142334
