,test_rmse,test_mae,fit_time,test_time
0,0.9897357202836482,0.7663197063007149,0.5604712963104248,1.2780742645263672
1,0.9899898036878233,0.7668536702097767,0.5744831562042236,1.2720692157745361
2,0.9934540747059102,0.7665333519219417,0.5784828662872314,1.2910881042480469
3,0.9944374540084675,0.7688225818097673,0.5744915008544922,1.2690668106079102
4,0.9984987769937811,0.7714506973706328,0.58249831199646,1.2790753841400146
