,test_rmse,test_mae,fit_time,test_time
0,0.9310117692337772,0.7172495869620164,3.207871198654175,5.726125478744507
1,0.9306998125402283,0.715404514644152,3.2729318141937256,5.968339920043945
2,0.9291772204812931,0.7168429145614013,3.276932716369629,5.929307460784912
3,0.9269601615858423,0.7129384373064149,3.2459053993225098,5.892284393310547
4,0.9381140105514856,0.7258139604149092,3.2829408645629883,5.878258943557739
