,test_rmse,test_mae,fit_time,test_time
0,1.0022920893321077,0.778891209714751,0.8617846965789795,0.994905948638916
1,1.0094846244821043,0.7807665118409731,0.8387629985809326,1.021930456161499
2,1.0009949929070607,0.7768055751770224,0.8407647609710693,1.0199289321899414
3,0.9985172031032677,0.7736487012014781,0.8387632369995117,1.010920524597168
4,1.0012001807115076,0.7723013944418636,0.8367607593536377,1.007918119430542
