,test_rmse,test_mae,fit_time,test_time
0,0.9359963207657365,0.7185594217858189,3.2159276008605957,6.854238748550415
1,0.9345543275247679,0.7223409196046338,3.2509517669677734,7.060674428939819
2,0.9337698866357471,0.720491777572081,3.3030078411102295,7.082449197769165
3,0.9401534597235502,0.7227436562066047,3.229940891265869,6.9953694343566895
4,0.9276577736887935,0.7147506188397743,3.305009365081787,6.998372316360474
