,test_rmse,test_mae,fit_time,test_time
0,0.9732733076282639,0.7569981004101103,14.49518871307373,6.510928630828857
1,0.9707552994474825,0.753522010170293,14.327054262161255,6.632038354873657
2,0.9764128727470492,0.7573707365805482,14.436136484146118,6.564985275268555
3,0.9820029433061025,0.7607432460130592,14.305025339126587,6.553967714309692
4,0.9783669817245985,0.7599059723313091,14.523223161697388,6.574986696243286
