,test_rmse,test_mae,fit_time,test_time
0,1.004130232534678,0.7783230817953583,0.8367524147033691,1.245133638381958
1,0.996326809590773,0.7701870901295478,0.8427670001983643,1.2291193008422852
2,0.9929206172615774,0.7699536153831594,0.8397643566131592,1.2030954360961914
3,0.9941456279634743,0.7715276371508214,0.8467705249786377,1.2241146564483643
4,0.9989509842358364,0.7736999031223112,0.8447685241699219,1.2201108932495117
