,test_rmse,test_mae,fit_time,test_time
0,0.9814609902880893,0.7641143513728091,14.323032140731812,5.943396329879761
1,0.986107053880459,0.7664661963204383,14.463143348693848,6.168608665466309
2,0.967222646262936,0.7492787300605479,14.565243482589722,6.070519924163818
3,0.9891310731769225,0.7667107102242839,14.417109966278076,6.101539134979248
4,0.9747776009875866,0.7577001777204176,14.548240661621094,6.11455774307251
