,test_rmse,test_mae,fit_time,test_time
0,0.981975167548463,0.7601891647486656,20.827218532562256,5.393718481063843
1,0.9804049570723132,0.7616368440019147,20.60402488708496,5.483804225921631
2,0.9874193967357299,0.7675585444126759,20.65505862236023,5.495819807052612
3,0.9819993260662752,0.7614378129908843,20.54496932029724,5.445754289627075
4,0.9793158655218492,0.7577551220748242,20.679266452789307,5.456773519515991
