,test_rmse,test_mae,fit_time,test_time
0,0.9760020397902125,0.7496418213588814,0.1581411361694336,1.310164213180542
1,0.9720183556155056,0.7494921678319445,0.17615747451782227,1.3111765384674072
2,0.980179281360299,0.756314146208839,0.17615795135498047,1.300163745880127
3,0.9637491714060394,0.7445688669252624,0.175156831741333,1.3201816082000732
4,0.9751189140798483,0.7491834920668589,0.1771695613861084,1.3001611232757568
