,test_rmse,test_mae,fit_time,test_time
0,0.983232330929996,0.7590378056149847,20.880004167556763,6.388824939727783
1,0.9730489062640965,0.7530970517061151,20.548709869384766,6.518935680389404
2,0.9770248931449725,0.7566739579400226,20.5677273273468,6.5359601974487305
3,0.9754479916416667,0.7527890063898265,20.682985305786133,6.432866096496582
4,0.970900826970747,0.7520044047200275,20.62276840209961,6.511938095092773
