,test_rmse,test_mae,fit_time,test_time
0,0.9918117120414983,0.7682201431340511,0.5655233860015869,1.3211948871612549
1,0.9954138016281309,0.7700466152691927,0.5805256366729736,1.3111939430236816
2,0.9942199493057287,0.771623975782149,0.5785350799560547,1.3412208557128906
3,0.9943300988957869,0.7698229076773435,0.5825300216674805,1.3161985874176025
4,0.9968409916273104,0.7751861547778223,0.5795395374298096,1.3312010765075684
