,test_rmse,test_mae,fit_time,test_time
0,0.9688070109268097,0.7478669249867035,0.16615080833435059,1.326206922531128
1,0.9799600691890447,0.7542214867610957,0.17415809631347656,1.323204517364502
2,0.9720607971231682,0.7475919584725761,0.17415785789489746,1.3192009925842285
3,0.9833578493559966,0.7576827272612746,0.17515921592712402,1.3322138786315918
4,0.9788682912119876,0.7564901069160626,0.17215490341186523,1.3452253341674805
