,test_rmse,test_mae,fit_time,test_time
0,1.002015094511754,0.7802519325183548,14.181904554367065,4.4560651779174805
1,0.9998468791731481,0.7789897786308025,14.19308614730835,4.546139240264893
2,1.0101998852337777,0.787018488039415,14.219947099685669,4.598187208175659
3,1.0037355678616398,0.782683091842341,14.148882865905762,4.552136421203613
4,1.0051005696661028,0.783859040919423,14.467341423034668,4.5511438846588135
