,test_rmse,test_mae,fit_time,test_time
0,0.9962250765993818,0.7704862328003073,0.8657972812652588,1.2631416320800781
1,1.0114224145196826,0.7812118088961025,0.857781171798706,1.2421331405639648
2,0.9994358580634648,0.7748644124894044,0.853787899017334,1.2551403045654297
3,0.9982910120575327,0.7738270733551783,0.853785514831543,1.2581374645233154
4,0.991572990487617,0.7667249716192064,0.8577814102172852,1.2491402626037598
