,test_rmse,test_mae,fit_time,test_time
0,0.9894570132660727,0.7676213094746205,14.394098043441772,5.945405960083008
1,0.98176471232047,0.7626011448212308,14.347036838531494,6.190640687942505
2,0.9753832369035297,0.760747222943418,14.432281732559204,6.113559246063232
3,0.9697995094256928,0.7525461645735328,14.496181726455688,6.012470006942749
4,0.9821881112057623,0.7619396442944034,14.585263013839722,6.02947473526001
