,test_rmse,test_mae,fit_time,test_time
0,0.9648629590174855,0.7484928643118435,14.471341848373413,6.887271165847778
1,0.9769201846283934,0.7565294962167184,14.445152759552002,7.029400587081909
2,0.9780642964319713,0.7603780244816292,14.547242641448975,7.0624306201934814
3,0.9835304839771828,0.7615533188064978,14.348064184188843,6.942312002182007
4,0.9676838394052701,0.7544401406714365,14.523223876953125,6.900283098220825
