,test_rmse,test_mae,fit_time,test_time
0,0.9762605358215316,0.7533182777492632,20.61277747154236,6.453876495361328
1,0.9709427487511535,0.7493564371180423,20.76372766494751,6.549963712692261
2,0.9708265819250315,0.7515179062172712,20.919039011001587,6.624039888381958
3,0.9787429834551314,0.758614780442335,20.644126176834106,6.674076795578003
4,0.9785642862189031,0.7544183295785916,20.622777938842773,6.597006797790527
