,test_rmse,test_mae,fit_time,test_time
0,0.968236336713325,0.7460342768569151,0.16214489936828613,1.2850801944732666
1,0.9617399814100408,0.7457461048217384,0.17214727401733398,1.2870793342590332
2,0.9764882212624414,0.7506553415867497,0.17214417457580566,1.2790751457214355
3,0.9683532393091828,0.746137988156577,0.1741492748260498,1.2670626640319824
4,0.9729306932015062,0.7448109043752689,0.1741466522216797,1.2870817184448242
