,test_rmse,test_mae,fit_time,test_time
0,1.0036994115555178,0.7815075863778389,14.25898289680481,4.356967210769653
1,1.0085431023380866,0.7869170557371656,14.277992010116577,4.545138597488403
2,1.0041246663303276,0.783907338023888,14.370244264602661,4.520115852355957
3,1.0116561959698298,0.7857429495241809,14.156900882720947,4.421022891998291
4,1.009029534520368,0.784610781781202,14.352067947387695,4.620206832885742
