,test_rmse,test_mae,fit_time,test_time
0,0.9904579533286276,0.7675427572212782,0.5695207118988037,1.3332116603851318
1,0.9923595337807329,0.7701139192817358,0.5725133419036865,1.3412294387817383
2,0.9926552803254296,0.7702148465365819,0.584524393081665,1.3282175064086914
3,1.0071007738357076,0.7784901761911343,0.5835285186767578,1.315197229385376
4,0.9954925623826356,0.7726125925556485,0.5776338577270508,1.331103801727295
