,test_rmse,test_mae,fit_time,test_time
0,0.9939952834586122,0.7686982831091747,0.5785346031188965,1.3292083740234375
1,0.9845603408793054,0.7648711969885096,0.5805277824401855,1.3302099704742432
2,0.9995836665064894,0.7732695942634032,0.5815286636352539,1.3212013244628906
3,0.9957246600037468,0.7691619498791543,0.5815398693084717,1.3272039890289307
4,1.0017881238557511,0.7765442085744806,0.5795269012451172,1.3282082080841064
