,test_rmse,test_mae,fit_time,test_time
0,0.9996182681371822,0.7713609281383376,0.5545046329498291,1.0859887599945068
1,0.9987692421884761,0.7700762390334563,0.568516731262207,1.066971778869629
2,0.997049949652935,0.7688090118970416,0.5665156841278076,1.061966896057129
3,0.9880771111164526,0.7610681814477626,0.5665066242218018,1.067981243133545
4,0.9893612960302638,0.764484544353155,0.5665154457092285,1.0769805908203125
