,test_rmse,test_mae,fit_time,test_time
0,0.9667350501315247,0.7401911811407137,0.15514135360717773,1.0289371013641357
1,0.9532651495583795,0.7302970177612111,0.17115330696105957,0.9999105930328369
2,0.9578096393758346,0.7352865152784042,0.1731576919555664,1.018930435180664
3,0.9701616985809494,0.7412314448153728,0.1731576919555664,1.0139236450195312
4,0.9594435588679444,0.7366336894229447,0.1731572151184082,1.0119214057922363
