,test_rmse,test_mae,fit_time,test_time
0,1.0246685613018542,0.7982368659963688,14.135870933532715,4.11374568939209
1,1.0307274562519078,0.8038762877321655,14.130866050720215,4.1828086376190186
2,1.0217322281949253,0.7974064652866565,14.284005403518677,4.236857652664185
3,1.0251161358891023,0.8000924525695715,14.094833612442017,4.178804636001587
4,1.0170527673151466,0.7961346702157204,14.232959270477295,4.18180775642395
