,test_rmse,test_mae,fit_time,test_time
0,0.9375426634959514,0.7191319475305791,3.2329349517822266,6.604013204574585
1,0.9322799382664511,0.7190390279266066,3.2219316959381104,6.630037546157837
2,0.9301931108159484,0.7159209726326429,3.2519607543945312,6.775168418884277
3,0.9340220245120197,0.7219565307830352,3.306009531021118,6.801201105117798
4,0.9283126344459476,0.7164133720058863,3.2399585247039795,6.663058757781982
