,test_rmse,test_mae,fit_time,test_time
0,0.9960991805892196,0.7710298926909728,0.5705196857452393,1.323204517364502
1,0.9929699362933342,0.7677243397629275,0.5775256156921387,1.3031861782073975
2,0.9986039064037335,0.773726438602082,0.5715196132659912,1.3392200469970703
3,0.9961852545379786,0.7707710839299314,0.5745227336883545,1.3262078762054443
4,0.9945594895772157,0.7728310379854475,0.5815386772155762,1.339219093322754
