,test_rmse,test_mae,fit_time,test_time
0,0.9843903063199015,0.7612955939845165,20.43246054649353,5.694159507751465
1,0.9745543410493656,0.7541927068814485,20.569594144821167,5.808249473571777
2,0.9820653077583262,0.7613924047643288,20.735732078552246,5.880495309829712
3,0.9808901151921307,0.7603161272746495,20.955942392349243,5.8432793617248535
4,0.9775226997574881,0.7570091933219746,20.955933570861816,5.844291925430298
