,test_rmse,test_mae,fit_time,test_time
0,0.9960010128159363,0.7731215371667127,0.5715203285217285,1.3322219848632812
1,0.997601407573426,0.7738172680065237,0.5825307369232178,1.3402204513549805
2,0.9955559844383916,0.7713773080346562,0.5725133419036865,1.3362269401550293
3,0.9967131747110874,0.7668076036279363,0.5765247344970703,1.331211805343628
4,0.9875823611810719,0.7679084526212312,0.5845320224761963,1.3362164497375488
