,test_rmse,test_mae,fit_time,test_time
0,0.9800243624837469,0.7584339065612048,20.645807027816772,6.387816667556763
1,0.9731505586553613,0.7523192864523363,20.605753183364868,6.5472025871276855
2,0.9765441611641998,0.7557474514087494,20.641952514648438,6.429863452911377
3,0.9759709442570408,0.7544815444841877,20.867000341415405,6.4018285274505615
4,0.9781920740927001,0.7532034622278254,20.816108465194702,6.432856798171997
