,test_rmse,test_mae,fit_time,test_time
0,0.940756931133111,0.7243151500528189,3.167884588241577,4.905466556549072
1,0.9276492515484226,0.7165863609107539,3.2029168605804443,5.126667261123657
2,0.9357324929609082,0.7194480060822239,3.1928975582122803,5.025585412979126
3,0.9363227752338351,0.7202948663571098,3.1828887462615967,5.1116626262664795
4,0.935542248702331,0.7242035997690827,3.2309422492980957,5.136840105056763
