,test_rmse,test_mae,fit_time,test_time
0,0.9933838703322131,0.7674280715615592,0.8567712306976318,1.0289459228515625
1,0.9948710850018712,0.7710290008401275,0.8367617130279541,1.0289371013641357
2,1.0076179397139426,0.7778871788587568,0.830756425857544,1.0279386043548584
3,1.007055358453085,0.7796658415191049,0.8357634544372559,1.0309388637542725
4,0.9986703143158796,0.7752421661031129,0.8377625942230225,1.0339415073394775
