,test_rmse,test_mae,fit_time,test_time
0,1.0101807492120567,0.7884895427027181,14.204933166503906,4.362972974777222
1,1.0132995151114108,0.7888246758972434,14.300020694732666,4.3489601612091064
2,1.0089829365860363,0.7885576650827105,14.246971845626831,4.361969232559204
3,1.0161972278761824,0.7918699222982896,14.198087692260742,4.30792236328125
4,1.0083407802866875,0.7836918006347902,14.424133539199829,4.419023513793945
