,test_rmse,test_mae,fit_time,test_time
0,0.9306603819569814,0.7151691276559305,3.2329022884368896,5.724123001098633
1,0.9408255928886464,0.7244047626586074,3.2358956336975098,5.88326621055603
2,0.9271843089692261,0.7137389364429282,3.279935598373413,5.853241205215454
3,0.9324092987614653,0.7198360323858602,3.2218754291534424,5.875258684158325
4,0.9287499894749184,0.716925308246659,3.2369048595428467,5.859236001968384
