,test_rmse,test_mae,fit_time,test_time
0,0.9306380269388032,0.7155721151881155,3.1848785877227783,5.904346704483032
1,0.9305160452209822,0.7170673396793585,3.2769622802734375,6.017439365386963
2,0.9288129673784205,0.7183262809237889,3.2899742126464844,5.98540997505188
3,0.929258662405907,0.7167994028268218,3.2229132652282715,6.093508005142212
4,0.935569597377329,0.7207595523398862,3.291975736618042,6.003424406051636
