,test_rmse,test_mae,fit_time,test_time
0,0.9884371300096746,0.762754437255746,0.5635130405426025,1.153050184249878
1,0.9937275923697184,0.767510897161841,0.5625097751617432,1.1270263195037842
2,1.0079382215890869,0.7782733906804334,0.5795276165008545,1.1230225563049316
3,0.9912186990974571,0.7646353878127322,0.5625147819519043,1.1310298442840576
4,0.9908116486724107,0.764388611729474,0.564511775970459,1.1160156726837158
