,test_rmse,test_mae,fit_time,test_time
0,1.0033738179121887,0.7763469493479725,0.8477716445922852,1.2651441097259521
1,0.9883567785136509,0.767559577217809,0.8667864799499512,1.2791643142700195
2,0.9997074698918307,0.7724863922758413,0.8686549663543701,1.2541499137878418
3,0.9977001951236024,0.7743134774801114,0.8647871017456055,1.2821674346923828
4,0.9982479509077817,0.7723956329832314,0.8697891235351562,1.2731597423553467
