,test_rmse,test_mae,fit_time,test_time
0,0.9688212020401915,0.7561287141253245,14.441160440444946,6.316749334335327
1,0.9885259628018044,0.765511241510625,14.375088930130005,6.4899091720581055
2,0.9762385989071429,0.7573311509284512,14.429138422012329,6.489908933639526
3,0.9722968081838732,0.7562363451508427,14.391103506088257,6.583224773406982
4,0.976571461102134,0.755990415331111,14.640329837799072,6.501920461654663
