,test_rmse,test_mae,fit_time,test_time
0,0.9730350474081072,0.7507684785786491,0.16014575958251953,1.339219570159912
1,0.9714238178048188,0.7507327153950626,0.17515969276428223,1.3432250022888184
2,0.9798759370874358,0.7546963438175299,0.17314958572387695,1.3462333679199219
3,0.9756993366627472,0.7533519581446135,0.17415857315063477,1.3492307662963867
4,0.9854262502146075,0.7574677927089339,0.17616009712219238,1.3362164497375488
