,test_rmse,test_mae,fit_time,test_time
0,0.9735363169362169,0.7570383700444078,14.602295398712158,6.628046989440918
1,0.9759845274181985,0.7567945747067272,14.40610933303833,6.785186052322388
2,0.9742397544456975,0.7583328146681856,14.413123369216919,6.749145746231079
3,0.9761631344451024,0.7573010291300167,14.422130823135376,6.727125644683838
4,0.9799144918856919,0.7596673167529836,14.58829402923584,6.730116367340088
