,test_rmse,test_mae,fit_time,test_time
0,1.0028231503502505,0.7803000230096441,14.413123607635498,4.6562395095825195
1,1.0013594980011538,0.7809462676491551,14.439147233963013,4.760334253311157
2,1.0008147630783883,0.7820368236674672,14.379092454910278,4.744319915771484
3,1.0006219569611188,0.7789582192555702,14.348064184188843,4.846413612365723
4,1.008183370494966,0.7844586693217384,14.44615364074707,4.903462171554565
