,test_rmse,test_mae,fit_time,test_time
0,0.957946725456247,0.7341722904148692,0.15815234184265137,0.9949057102203369
1,0.9595202662810709,0.736315249325077,0.17115569114685059,0.9498651027679443
2,0.9806705605290158,0.7481146626146435,0.17215609550476074,0.9698858261108398
3,0.9568193651781917,0.7335132120382326,0.17515945434570312,0.9628798961639404
4,0.9516246017670138,0.7278525859497743,0.17015433311462402,0.9668803215026855
