,test_rmse,test_mae,fit_time,test_time
0,0.9732721721754354,0.7498796551217002,0.16115546226501465,1.3272085189819336
1,0.9797289612538959,0.752928082396561,0.17515110969543457,1.3612391948699951
2,0.9789578063526087,0.7570524673681545,0.17416071891784668,1.3232052326202393
3,0.9767533661782578,0.7515211065741164,0.17215657234191895,1.336216688156128
4,0.9729055186913256,0.7532857336462766,0.1738114356994629,1.3172078132629395
