,test_rmse,test_mae,fit_time,test_time
0,0.9774819996857073,0.7551577472491243,20.70485234260559,6.1536030769348145
1,0.9736301082464112,0.7542973093292993,20.742878437042236,6.323758125305176
2,0.9763220827293494,0.7551322831374729,20.588746070861816,6.267707109451294
3,0.9739817331994308,0.7540532326715097,20.921210050582886,6.4538679122924805
4,0.9840928585934003,0.760344764619159,20.705862283706665,6.323748826980591
