,test_rmse,test_mae,fit_time,test_time
0,1.121055026085438,0.868236423910375,20.80495262145996,3.536220073699951
1,1.1322017182753394,0.8760558890073316,20.628774881362915,3.929579019546509
2,1.1345311829807347,0.8788896581541432,20.91004776954651,3.7519304752349854
3,1.1366386414098772,0.8806726310271894,20.848981618881226,3.9385874271392822
4,1.134669095805465,0.8775511008454429,21.117228507995605,3.853524923324585
