,test_rmse,test_mae,fit_time,test_time
0,1.0134234393873758,0.7911033710604597,20.303486824035645,3.999650716781616
1,1.024361821923065,0.7973091088692881,20.37455129623413,4.190815687179565
2,1.0191148711944351,0.7942590716923774,20.47379779815674,4.200824975967407
3,1.0194834003269966,0.7952826653621398,20.33351421356201,4.1207520961761475
4,1.0265692727332447,0.800610424271565,20.63679027557373,4.106739521026611
