,test_rmse,test_mae,fit_time,test_time
0,1.1414308421906505,0.8684462500771645,3.3060107231140137,3.724652051925659
1,1.137608207366917,0.8694637221015177,3.234954357147217,3.657330274581909
2,1.1418002559300913,0.872505596173306,3.185900926589966,3.8354835510253906
3,1.1400102496467313,0.8723459607225907,3.2909963130950928,3.7944607734680176
4,1.1407260626513767,0.8719576907292661,3.219940662384033,3.77142596244812
