,test_rmse,test_mae,fit_time,test_time
0,0.9828018153688484,0.7616789267702635,0.1611466407775879,1.341219425201416
1,0.9769731483558167,0.7532280822896337,0.17516779899597168,1.3452229499816895
2,0.9703765862126281,0.7476403096305283,0.1771690845489502,1.3222026824951172
3,0.97884924973185,0.753224024678098,0.1731574535369873,1.330209493637085
4,0.9673544787594829,0.7459946415696587,0.17415857315063477,1.3402104377746582
