,test_rmse,test_mae,fit_time,test_time
0,0.9832811271854909,0.7599219492348651,0.5595006942749023,1.256152868270874
1,0.9921519459402462,0.7650418523488509,0.5695180892944336,1.223113775253296
2,0.9976850594155974,0.7719365938792774,0.581528902053833,1.2201111316680908
3,1.004453573371289,0.7784965069278763,0.5725183486938477,1.2070987224578857
4,0.992558927077917,0.765379161087347,0.5675160884857178,1.2221131324768066
