,test_rmse,test_mae,fit_time,test_time
0,0.9305055178999158,0.7194070108441971,3.1828768253326416,5.756203651428223
1,0.9307895327841199,0.7159141683588395,3.248936653137207,5.905337810516357
2,0.9287509653772479,0.7165659489435977,3.3029820919036865,5.976402282714844
3,0.9363033300042917,0.7204054210325171,3.242931604385376,5.9483771324157715
4,0.9297480349525726,0.7151945209155504,3.301985025405884,5.874300718307495
