,test_rmse,test_mae,fit_time,test_time
0,0.9936997433598672,0.7681714036941518,0.8517665863037109,1.2371351718902588
1,1.0077686835362583,0.7795173844111343,0.8357610702514648,1.2221126556396484
2,0.9982544315734934,0.7718418955956997,0.8357610702514648,1.210101842880249
3,0.9968778750263051,0.7732182608458688,0.8277537822723389,1.226116418838501
4,0.9955398626360494,0.7731907820171597,0.8357610702514648,1.2271173000335693
