,test_rmse,test_mae,fit_time,test_time
0,0.9983171886705527,0.7812465647773672,14.216084718704224,4.885448455810547
1,1.0042215766659073,0.780317588032564,14.421140193939209,5.0025551319122314
2,0.9983904307944385,0.7746302139230485,14.620312452316284,4.977531909942627
3,0.9825530781114292,0.7659764888166287,14.300020456314087,4.982539653778076
4,0.9940847320098221,0.773487710293166,14.622313976287842,4.95250940322876
