,test_rmse,test_mae,fit_time,test_time
0,0.9931257280311854,0.7689386751966406,0.577486515045166,1.2900924682617188
1,0.98720376282639,0.7602137909272069,0.5784773826599121,1.284078598022461
2,0.9938049304818579,0.7673944773309702,0.5754930973052979,1.2690582275390625
3,0.9970367117361925,0.7727903382130329,0.5814979076385498,1.2650659084320068
4,0.9902994007591834,0.7700472306544747,0.5784854888916016,1.26806640625
