,test_rmse,test_mae,fit_time,test_time
0,0.9827212294545018,0.7653519134239053,14.513205766677856,6.3257598876953125
1,0.9709215829118862,0.7518924346537484,14.327204704284668,6.568126201629639
2,0.9768146247647032,0.7563422354876629,14.513215065002441,6.548963308334351
3,0.9777586400087497,0.7599777628276224,14.388091087341309,6.501072645187378
4,0.9728042706745993,0.7562065254839697,14.512222051620483,6.487907409667969
