,test_rmse,test_mae,fit_time,test_time
0,0.9359557903510247,0.719665301392162,3.222761631011963,5.591811180114746
1,0.9284815010087875,0.7162475061475202,3.227776050567627,5.659870862960815
2,0.928235745126436,0.7184711315649134,3.261805772781372,5.690896511077881
3,0.9342713909458789,0.7185303731695956,3.2387852668762207,5.578800201416016
4,0.9328846991430868,0.7200470443452895,3.246793270111084,5.580801486968994
