,test_rmse,test_mae,fit_time,test_time
0,0.9835271737937319,0.7595778383875137,20.76491951942444,6.351782560348511
1,0.9790641886488995,0.7568721018268489,20.509666681289673,6.580156564712524
2,0.9753586544286456,0.7565306183287334,20.719866037368774,6.535943508148193
3,0.9697131414562268,0.7495641160085663,20.70584535598755,6.487918138504028
4,0.9731410342184753,0.7512309219107876,20.811949729919434,6.455878257751465
