,test_rmse,test_mae,fit_time,test_time
0,0.9895152037975162,0.7642718077476424,0.8467593193054199,1.2521486282348633
1,0.9973794759210702,0.7711017654291147,0.8427674770355225,1.2050974369049072
2,1.0114330365283593,0.7825696838306263,0.8357634544372559,1.202094554901123
3,0.9920268761474194,0.7695675685664715,0.8377625942230225,1.2091009616851807
4,1.0004107003658087,0.7757931424511071,0.8397645950317383,1.202094554901123
