,test_rmse,test_mae,fit_time,test_time
0,0.9949447510663163,0.7705568881537065,0.567516565322876,1.342221975326538
1,0.995772682124569,0.7732924456715096,0.5805361270904541,1.3322129249572754
2,1.0094999872860067,0.7815430582549492,0.5775344371795654,1.3282086849212646
3,0.9847156896322798,0.7645124167457327,0.5805366039276123,1.3162012100219727
4,0.9970093267441081,0.7727273359766292,0.6085543632507324,1.3242051601409912
