,test_rmse,test_mae,fit_time,test_time
0,0.9657162962688872,0.74205768173016,0.15714335441589355,1.2511394023895264
1,0.9671597567655326,0.7473317524559195,0.17115569114685059,1.2331228256225586
2,0.972398308904495,0.747473121234843,0.17015457153320312,1.2201111316680908
3,0.9738336292803953,0.7463605707227133,0.171156644821167,1.2251150608062744
4,0.9689496887578508,0.7448834181389792,0.1711583137512207,1.2161076068878174
