,test_rmse,test_mae,fit_time,test_time
0,0.9987221588390464,0.7723598193993261,0.8637428283691406,1.2620773315429688
1,1.0022193895608489,0.7741425952028844,0.8687474727630615,1.2530782222747803
2,0.998398338248759,0.7723103327070433,0.8567371368408203,1.2470729351043701
3,0.9908855631945319,0.7666463908377613,0.8577375411987305,1.269092082977295
4,0.998937549675014,0.7754543528018676,0.8567373752593994,1.2550714015960693
