,test_rmse,test_mae,fit_time,test_time
0,0.9688751379733497,0.7467336890722099,20.60477042198181,6.1726202964782715
1,0.9796872494594493,0.7593500425948218,20.673815965652466,6.287725210189819
2,0.9821561264250626,0.7600480044305068,20.71886372566223,6.330764532089233
3,0.980091487206827,0.7604816553316188,20.54989719390869,6.32175612449646
4,0.974889846505245,0.7497732591572952,20.743037462234497,6.2416956424713135
