,test_rmse,test_mae,fit_time,test_time
0,0.9897049163406683,0.7648695561780277,0.8577687740325928,1.2811634540557861
1,1.003558355090355,0.7771854969410629,0.8577780723571777,1.2931833267211914
2,1.0026674698474656,0.7759650281404753,0.8517646789550781,1.2891778945922852
3,1.0004501097761638,0.7756804098070043,0.8697891235351562,1.268151044845581
4,0.9896950866082365,0.7660597133420374,0.8669028282165527,1.2850511074066162
