,test_rmse,test_mae,fit_time,test_time
0,0.9708898746649994,0.7540775842462347,14.373090028762817,6.832208633422852
1,0.9844476156038083,0.7636117875492016,14.375247716903687,6.878263473510742
2,0.9681401140044841,0.7513729599273988,14.380093574523926,7.0354063510894775
3,0.9745383729268106,0.7560682194835695,14.453090906143188,6.88627028465271
4,0.9711927556241099,0.7548722971465724,14.665352821350098,6.872249126434326
