,test_rmse,test_mae,fit_time,test_time
0,0.977184819286521,0.762051039156455,14.433918952941895,5.521942377090454
1,0.9881324714475367,0.7661238742141232,14.417052745819092,5.741146802902222
2,0.9869920379546503,0.7679187982850403,14.392873287200928,5.783185005187988
3,0.9765583939943828,0.7559180025491349,14.497810363769531,5.718271970748901
4,0.9867700934818807,0.7652365395791346,14.593058824539185,5.661067247390747
