,test_rmse,test_mae,fit_time,test_time
0,0.9972559183498177,0.771981612405473,0.8677806854248047,1.2811756134033203
1,0.9968788024672651,0.7706001905419999,0.8587794303894043,1.263150691986084
2,1.008545010030692,0.7794879118693353,0.8607761859893799,1.2681541442871094
3,0.9970896215836265,0.7721609785906113,0.8547759056091309,1.2601473331451416
4,0.9935244817272653,0.7705166318939477,0.8527743816375732,1.275160789489746
