,test_rmse,test_mae,fit_time,test_time
0,0.9980170439321648,0.7725106128885898,0.8507671356201172,1.2641587257385254
1,0.996886079398782,0.7691699597363277,0.8617823123931885,1.2561438083648682
2,0.991047839673524,0.7694120358021028,0.8567805290222168,1.2811663150787354
3,1.0058505513225975,0.7779745802230252,0.8697924613952637,1.2591378688812256
4,0.9956496678932486,0.772714465981181,0.8587820529937744,1.282167911529541
