,test_rmse,test_mae,fit_time,test_time
0,0.9885102821840238,0.7621264291113318,20.668695211410522,5.625082015991211
1,0.9735781767971319,0.753212583543371,20.52155065536499,5.843281507492065
2,0.974703885508855,0.7558807263986984,20.913893222808838,5.778232097625732
3,0.9797535109551163,0.7579664897818309,20.68468976020813,5.777222156524658
4,0.9862020768235223,0.7660474605149571,20.793954372406006,5.869305372238159
