,test_rmse,test_mae,fit_time,test_time
0,0.9566846330667939,0.7351071117475154,0.1581435203552246,0.9929041862487793
1,0.9722852883988463,0.7448304623705921,0.18416786193847656,0.9688820838928223
2,0.9771903059810834,0.7472806554920374,0.16915345191955566,0.975888729095459
3,0.9514865064464822,0.7279730777596443,0.17115569114685059,0.9898929595947266
4,0.951233776858236,0.7287524001297507,0.1711559295654297,0.9678812026977539
