,test_rmse,test_mae,fit_time,test_time
0,0.9808511561633075,0.7617573357240466,14.484179019927979,6.7561516761779785
1,0.9737472953348327,0.7542680003653286,14.377102613449097,6.799187421798706
2,0.9733993580087043,0.7525398844317032,14.551249027252197,6.855241537094116
3,0.9750657102154324,0.756215324003189,14.359073877334595,6.835232257843018
4,0.972942850555811,0.7569994463295439,14.658506155014038,6.734133243560791
