,test_rmse,test_mae,fit_time,test_time
0,0.9755165579600255,0.7534181983019397,0.16214776039123535,1.3262073993682861
1,0.977138931311451,0.75440028147368,0.17628884315490723,1.3300914764404297
2,0.9733217326107061,0.7533737428770289,0.17514896392822266,1.3202018737792969
3,0.9822294302982039,0.7582384137148933,0.1771707534790039,1.3242051601409912
4,0.9821290888852402,0.7533462842665604,0.17515945434570312,1.3141849040985107
