,test_rmse,test_mae,fit_time,test_time
0,0.97576585457474,0.7546275127182358,20.7250235080719,6.147599220275879
1,0.9808577157206011,0.7577868393683346,20.733876943588257,6.185631275177002
2,0.9749881094284097,0.7553603420515178,20.763904094696045,6.341773986816406
3,0.972318199872187,0.7544934559195743,20.76790738105774,6.2958595752716064
4,0.979504891567953,0.7578681353882017,20.834133863449097,6.1536009311676025
