,test_rmse,test_mae,fit_time,test_time
0,0.9905721405480966,0.7663151696277355,0.5774850845336914,1.2910854816436768
1,0.9972567250075222,0.7717928562964843,0.5774855613708496,1.2680680751800537
2,1.0011519905253208,0.7723138279398024,0.5744826793670654,1.2970902919769287
3,0.9875280376930777,0.7646511531062159,0.5824868679046631,1.2840790748596191
4,0.9907020172026743,0.7689878143945567,0.5834879875183105,1.295088768005371
