,test_rmse,test_mae,fit_time,test_time
0,0.9314441739131368,0.7180070647141804,3.2118000984191895,5.515825271606445
1,0.9260646359212614,0.7158375717042628,3.2369799613952637,5.653946161270142
2,0.9385252641858434,0.723142583289657,3.305891275405884,5.644938945770264
3,0.9322799566743907,0.7148201340744541,3.2748639583587646,5.696983098983765
4,0.9332506567968417,0.7201521521081395,3.2548465728759766,5.567870378494263
