,test_rmse,test_mae,fit_time,test_time
0,0.9844350761242029,0.7589825035246024,0.15914463996887207,1.3312122821807861
1,0.9736257682203209,0.7521716265649571,0.17716145515441895,1.3232042789459229
2,0.9745978399121352,0.7534253698484513,0.17514991760253906,1.3232133388519287
3,0.9758867322609074,0.7528731785845729,0.17616033554077148,1.331214427947998
4,0.9799564763169989,0.7553929172231597,0.17607712745666504,1.3151905536651611
