,test_rmse,test_mae,fit_time,test_time
0,0.9940058029291361,0.7719807919855843,0.5655062198638916,1.3212120532989502
1,0.9957827838417944,0.7711029536099603,0.5775234699249268,1.3071820735931396
2,0.9962193202792275,0.7715203555179111,0.5795273780822754,1.3352222442626953
3,0.9930851910020997,0.7705033992237029,0.5735256671905518,1.3312089443206787
4,0.9982777782972466,0.7730826170712273,0.5775277614593506,1.3202002048492432
