,test_rmse,test_mae,fit_time,test_time
0,1.046768019240044,0.8135560506181421,0.8267531394958496,0.7847235202789307
1,1.054137714875566,0.8184886043901413,0.8397648334503174,0.787717342376709
2,1.0520000299370318,0.8188722296026205,0.833759069442749,0.7867164611816406
3,1.0311872175064274,0.8017681747061907,0.8267531394958496,0.7857153415679932
4,1.0349086127918274,0.8035319844949956,0.830756425857544,0.7867164611816406
