,test_rmse,test_mae,fit_time,test_time
0,0.9847985118923068,0.7650922270763099,20.581429958343506,5.4789040088653564
1,0.980259550389768,0.7595780363422346,20.687506914138794,5.634042978286743
2,0.9840423591038512,0.7625171911293394,20.62160563468933,5.528957366943359
3,0.9778823990665632,0.7559128730113964,20.702521085739136,5.549976348876953
4,0.9788574084823978,0.7566349696273239,20.814630031585693,5.639047145843506
