,test_rmse,test_mae,fit_time,test_time
0,1.0006920420595045,0.7729261272803974,0.5645065307617188,1.1330389976501465
1,0.990881262028682,0.7605606204001336,0.5695185661315918,1.1030042171478271
2,0.9902079355672249,0.7648840216896118,0.567516565322876,1.0929951667785645
3,0.9997242416228728,0.7724503737722153,0.5635123252868652,1.1150155067443848
4,0.9935454693553984,0.7670812612627129,0.5655148029327393,1.1040050983428955
