,test_rmse,test_mae,fit_time,test_time
0,0.9872421937311602,0.767822625144898,0.5835206508636475,1.3322184085845947
1,0.9896101886198694,0.7677605553903188,0.5815274715423584,1.3171956539154053
2,0.985302129583891,0.7628554580920883,0.5785255432128906,1.3232002258300781
3,1.0009443966790657,0.7728405391779655,0.5795259475708008,1.3292205333709717
4,1.0042828208239067,0.776196702023263,0.5815305709838867,1.3462190628051758
