,test_rmse,test_mae,fit_time,test_time
0,0.9372178334874576,0.7220277515946613,3.1698861122131348,4.877440929412842
1,0.936760671504722,0.7213691813556825,3.2109146118164062,4.975538969039917
2,0.9343755000576272,0.7209432943587343,3.1748907566070557,5.052760124206543
3,0.9363136762304587,0.7253807943478858,3.191906213760376,5.0105626583099365
4,0.9386043926008539,0.7249982730466543,3.229940891265869,5.035585165023804
