,test_rmse,test_mae,fit_time,test_time
0,0.9629138870627059,0.7475421381039621,14.532241582870483,6.4959142208099365
1,0.9817099395796063,0.763221033815352,14.410120964050293,6.6190266609191895
2,0.9785086970646678,0.7594758575023871,14.441157341003418,6.715114116668701
3,0.974513019452384,0.7532199705466287,14.397259712219238,6.649044513702393
4,0.9806918501885383,0.7645375893173968,14.654352188110352,6.6190268993377686
