,test_rmse,test_mae,fit_time,test_time
0,1.0836337622884882,0.837420905062069,0.6275711059570312,0.7626948356628418
1,1.0860101292655862,0.8388347785554963,0.6155610084533691,0.7867248058319092
2,1.083767072458574,0.8370275008028926,0.6135494709014893,0.7987363338470459
3,1.0944842620470172,0.8438931584511885,0.5765161514282227,0.7877261638641357
4,1.0910412167392922,0.8443305921454445,0.6005499362945557,0.767688512802124
