,test_rmse,test_mae,fit_time,test_time
0,1.0003988302037052,0.7718569207102609,0.5525119304656982,1.2861711978912354
1,0.9969772446661879,0.7697014770253513,0.5695106983184814,1.2481358051300049
2,0.992683641588246,0.7681495627584893,0.5665152072906494,1.2551426887512207
3,0.9943607946587087,0.7692537201466996,0.5705187320709229,1.2461342811584473
4,0.9839212154360337,0.7592475967280596,0.5685169696807861,1.250138282775879
