,test_rmse,test_mae,fit_time,test_time
0,0.9934344447494765,0.7666117008092403,0.5655155181884766,1.1080172061920166
1,0.9907602144860908,0.7636903521946553,0.5595095157623291,1.1070082187652588
2,1.0010935287446021,0.7728857596784213,0.5625119209289551,1.0919945240020752
3,0.9870153561179797,0.7612901879161835,0.5645139217376709,1.1070079803466797
4,0.997436799597137,0.7686542289849984,0.5625123977661133,1.0849878787994385
