,test_rmse,test_mae,fit_time,test_time
0,0.9952698316136045,0.7751943415904212,20.385561227798462,4.417021989822388
1,1.0022986115380692,0.7794081403299616,20.477779626846313,4.487086296081543
2,0.9957651696409187,0.7719093509476492,20.699008226394653,4.590179443359375
3,0.9937380280083334,0.7751409136594772,20.63679027557373,4.536130428314209
4,0.9967808834174421,0.7744960704966399,20.573732137680054,4.512110471725464
