,test_rmse,test_mae,fit_time,test_time
0,0.9856762446098327,0.7657534502023641,0.5735139846801758,1.3322129249572754
1,1.0002732019210383,0.7740386314854965,0.5825295448303223,1.3252062797546387
2,0.9959329961575941,0.7717263678173651,0.5835301876068115,1.339219331741333
3,0.9901343877473725,0.7665509488264058,0.5796897411346436,1.3492307662963867
4,1.0041534782409731,0.7787528565820471,0.5895450115203857,1.3292107582092285
