,test_rmse,test_mae,fit_time,test_time
0,1.0246517935416446,0.8005364692195154,14.064815521240234,4.087721824645996
1,1.0197546289815766,0.7973941472798608,14.284028768539429,4.131761789321899
2,1.0264069836923502,0.8012498473092359,14.28015923500061,4.140770196914673
3,1.0248571004336775,0.8024193581609012,14.45215916633606,4.16479229927063
4,1.0366815281884822,0.8089095372853592,14.528237342834473,4.191816806793213
