,test_rmse,test_mae,fit_time,test_time
0,0.9840287728675045,0.7630496818169029,20.481648921966553,6.370810270309448
1,0.981854379448427,0.7559501158054286,20.6598117351532,6.491910696029663
2,0.9742952651611327,0.7547436212612754,20.566726207733154,6.443867444992065
3,0.9710778663554375,0.7492734641251785,20.79692792892456,6.445869445800781
4,0.9747061645640658,0.7542505225809398,20.83997392654419,6.379817962646484
