,test_rmse,test_mae,fit_time,test_time
0,1.0068997959556734,0.7786081989080118,0.5805284976959229,0.9498648643493652
1,0.9973204264063894,0.7701155198555856,0.56451416015625,0.9338526725769043
2,1.007739365459992,0.7745063469034089,0.5615115165710449,0.943859338760376
3,1.0071468238214916,0.7739397615466697,0.5575070381164551,0.9438595771789551
4,1.0014968425036752,0.7715669847172133,0.559506893157959,0.9398558139801025
