,test_rmse,test_mae,fit_time,test_time
0,0.969936353634764,0.7466904536484941,0.17214751243591309,1.347231388092041
1,0.9711377249779665,0.748475177171792,0.17314791679382324,1.339376449584961
2,0.9794947435095974,0.7539578866586641,0.17615985870361328,1.3312079906463623
3,0.9748600536313673,0.7516437820862707,0.17415571212768555,1.351227045059204
4,0.9750119908363677,0.7537512329915815,0.17615914344787598,1.3181965351104736
