,test_rmse,test_mae,fit_time,test_time
0,1.0073162134150186,0.7862447135491325,14.067975521087646,4.435038089752197
1,1.0097020839636215,0.7894700205523899,14.23496127128601,4.543136835098267
2,1.0058098866904621,0.7809514761271887,14.391103744506836,4.505102157592773
3,0.999468173125106,0.7800057228916756,14.215174436569214,4.455064296722412
4,1.0010704604613734,0.7797465089464567,14.261986017227173,4.4760754108428955
