,test_rmse,test_mae,fit_time,test_time
0,0.9887382773389911,0.7656739454503,0.591529369354248,1.2851791381835938
1,0.9847654975514838,0.7621634342349524,0.5675160884857178,1.242130994796753
2,0.9925854589970848,0.7700801610862767,0.5665156841278076,1.2391283512115479
3,1.001889475688576,0.7720702617072067,0.5675163269042969,1.2381274700164795
4,0.9980794825541469,0.7704817081543389,0.5685174465179443,1.2331228256225586
