,test_rmse,test_mae,fit_time,test_time
0,0.9827824954938781,0.7625863733709424,20.39544439315796,5.587042331695557
1,0.9754687092264417,0.7551789239841459,20.527555465698242,5.792506456375122
2,0.9863778015637003,0.7603014370314459,20.760756969451904,5.770216226577759
3,0.9816236328682652,0.7609136227933347,20.57375144958496,5.700153112411499
4,0.9786553881578295,0.7611535784274273,20.6196391582489,5.701156377792358
