,test_rmse,test_mae,fit_time,test_time
0,0.9901446691899557,0.7685365013844425,0.5785262584686279,1.329219102859497
1,0.9894759939247795,0.7657666386822322,0.578526496887207,1.317199468612671
2,1.0030104222102696,0.7776267190505445,0.5765166282653809,1.3261973857879639
3,0.9882432655860892,0.7665381501611058,0.5795152187347412,1.3142056465148926
4,1.0024530165270122,0.778359627298631,0.5775234699249268,1.3101933002471924
