,test_rmse,test_mae,fit_time,test_time
0,0.9936772381197588,0.7688761273065077,0.8647487163543701,1.2400925159454346
1,1.0083166298136887,0.7804379216090293,0.8577499389648438,1.2610948085784912
2,1.0039120014175247,0.7768517297694023,0.8477413654327393,1.2731139659881592
3,0.9938360787614001,0.7686998851418352,0.8527441024780273,1.256098747253418
4,1.000036564282518,0.7736987352450987,0.855748176574707,1.2601025104522705
