,test_rmse,test_mae,fit_time,test_time
0,0.9927288896969368,0.7716353247666468,0.8737869262695312,1.106015682220459
1,1.0041561297704487,0.7772004700026609,0.8908107280731201,1.126025676727295
2,0.9940099843263095,0.7665511612993897,0.835761308670044,1.0939960479736328
3,0.9963959242876369,0.7717821693000045,0.8327584266662598,1.0979998111724854
4,1.0097650095059854,0.7821070564067567,0.8377628326416016,1.0839872360229492
