,test_rmse,test_mae,fit_time,test_time
0,0.9974699946774628,0.7648934884230963,0.5645139217376709,0.9949061870574951
1,1.0035744717400037,0.7762077066659038,0.56451416015625,0.9878993034362793
2,0.9943683566662582,0.7657368185940954,0.5625121593475342,0.9778904914855957
3,1.0080036794050709,0.7755842975894263,0.5665159225463867,0.9788918495178223
4,0.994871695855461,0.7694389985580887,0.5594985485076904,0.9819021224975586
