,test_rmse,test_mae,fit_time,test_time
0,1.0361339448989344,0.8087922351354053,20.394577980041504,3.875528573989868
1,1.026519598153058,0.7994654145965415,20.2494375705719,4.012653589248657
2,1.0400103009805155,0.809303672451622,20.688838005065918,4.023663520812988
3,1.0350698685313033,0.8099236688112983,20.36154007911682,4.06269907951355
4,1.03214286605346,0.8056020790984123,20.51484227180481,3.93658447265625
