,test_rmse,test_mae,fit_time,test_time
0,0.9959839890474802,0.7766855439896994,14.205944061279297,4.9224817752838135
1,0.9914121751556612,0.7704496238009053,14.312031269073486,5.036741256713867
2,0.9948906650207507,0.7720781250672406,14.413123369216919,5.056604623794556
3,0.9932554315880203,0.7721593281286029,14.305022954940796,5.058605909347534
4,0.994150769041473,0.7702291854838297,14.593287706375122,4.9987077713012695
