,test_rmse,test_mae,fit_time,test_time
0,0.9975842858106915,0.7730943211618402,0.8507657051086426,1.2101106643676758
1,1.0058973453279816,0.7762780568313425,0.8337593078613281,1.1700677871704102
2,1.0044744974116273,0.7792526891092433,0.8347601890563965,1.1900866031646729
3,1.001789989346547,0.7735908396898222,0.8317575454711914,1.1840782165527344
4,0.9846947764405963,0.765103136232747,0.833759069442749,1.1820764541625977
