,test_rmse,test_mae,fit_time,test_time
0,1.0280046104259744,0.8031969694679341,14.144878625869751,3.9405882358551025
1,1.0368534507652978,0.8108736195621699,14.28699803352356,4.073709487915039
2,1.0306255066120606,0.8063276216369574,14.335225105285645,4.061851263046265
3,1.0500276488348026,0.8225248192785539,14.158891916275024,4.045850038528442
4,1.0362075610192598,0.8101941088059941,14.394105672836304,4.051689386367798
