,test_rmse,test_mae,fit_time,test_time
0,0.9889992096939988,0.7673149221179542,20.588746786117554,5.087632417678833
1,0.989312170974612,0.7685897316874201,20.60776400566101,5.002782106399536
2,0.9895055393875956,0.7686367301050246,20.56172490119934,5.025572776794434
3,0.9889888849879136,0.7668343375991304,20.644797563552856,5.1747119426727295
4,0.9871331941969468,0.7670461042103262,20.72506809234619,5.0996434688568115
