,test_rmse,test_mae,fit_time,test_time
0,0.9835675808466553,0.7622949670378227,20.690778493881226,5.700183153152466
1,0.9818805857655714,0.758570765632717,20.862935543060303,5.768226861953735
2,0.9761253714543316,0.7553529228991893,20.536638975143433,5.859318256378174
3,0.9775896926736064,0.757155497543045,20.626968383789062,5.93038272857666
4,0.9812041052220402,0.7608480972033911,20.631734609603882,5.810274124145508
