,test_rmse,test_mae,fit_time,test_time
0,0.9928091265140171,0.7703929125033518,20.42158603668213,4.447057485580444
1,0.988967186195897,0.7695996419871772,20.57072138786316,4.627222061157227
2,0.9988595533114558,0.777964589346549,20.58073925971985,4.566157579421997
3,1.0027483954285523,0.7799978095549227,20.581730842590332,4.6071953773498535
4,1.0033060747724003,0.7791624181988506,20.557883739471436,4.617204427719116
