,test_rmse,test_mae,fit_time,test_time
0,0.9778620687531735,0.7584422783657608,14.546219110488892,6.0775346755981445
1,0.9821930649007665,0.7620507669129338,14.425116777420044,6.254685163497925
2,0.981196804604458,0.7617093300088773,14.428119659423828,6.252685785293579
3,0.9727486272669096,0.756385233467618,14.283989191055298,6.198636293411255
4,0.9833144997198813,0.7629696236511425,14.339036226272583,6.174615144729614
