,test_rmse,test_mae,fit_time,test_time
0,1.0036249956667234,0.7798980775651202,0.56150221824646,1.3242499828338623
1,0.9866417303885685,0.766338090242288,0.5785257816314697,1.3252065181732178
2,0.9980271225134217,0.7753210764776692,0.5814051628112793,1.3332135677337646
3,0.9961905655452128,0.7685040715321142,0.581526517868042,1.3342151641845703
4,0.9975693444414926,0.7729119430931418,0.5825304985046387,1.3332138061523438
