,test_rmse,test_mae,fit_time,test_time
0,0.9802058985954153,0.7624066101556675,21.221261262893677,5.713185548782349
1,0.9842937358797621,0.7636294558014187,20.63672947883606,5.880346775054932
2,0.9798633481874623,0.7565212787734871,20.80189275741577,5.898345470428467
3,0.9707583100125415,0.7488633015834667,20.505603313446045,5.791264533996582
4,0.986635269434761,0.7629393374769399,20.695784091949463,5.90835428237915
