,test_rmse,test_mae,fit_time,test_time
0,0.9995472101062537,0.7766736135378735,0.8297553062438965,0.9258427619934082
1,1.009270397658642,0.7848940709348078,0.847771167755127,0.9158341884613037
2,1.020027568968018,0.7890595518887644,0.8457696437835693,0.9258430004119873
3,1.0097046144657156,0.7805675649987622,0.8419077396392822,0.9238412380218506
4,1.0041989182927034,0.7776885214192336,0.8437681198120117,0.9338507652282715
