,test_rmse,test_mae,fit_time,test_time
0,0.9706918102359964,0.7513417730498345,20.836921215057373,5.803267478942871
1,0.9748809913228023,0.754260063758246,20.687777280807495,5.91937255859375
2,0.9758768270145215,0.7570864940314816,20.52363109588623,5.825284004211426
3,0.9909772888232021,0.7656857992076235,20.79102921485901,5.9093708992004395
4,0.9804914379379445,0.757622875884781,20.447558403015137,5.885348558425903
