,test_rmse,test_mae,fit_time,test_time
0,0.9359198704595145,0.720179166242532,3.171666383743286,5.366502285003662
1,0.9335997346850449,0.7164550406278409,3.2577385902404785,5.535653114318848
2,0.9256865636239532,0.7169614598300221,3.2437236309051514,5.504769563674927
3,0.9326242582200412,0.7196850516613313,3.293769121170044,5.493626594543457
4,0.934386207985264,0.7214695099950542,3.325795888900757,5.596704483032227
