,test_rmse,test_mae,fit_time,test_time
0,0.9971820224241025,0.7695348266565132,0.5935311317443848,1.032949447631836
1,0.99896557225878,0.7705858741914252,0.5675163269042969,1.0199286937713623
2,1.0049671393182538,0.7758498937593566,0.5665154457092285,1.029937744140625
3,0.9864114622441248,0.7611202483183266,0.5635128021240234,1.0089185237884521
4,0.9947599988128722,0.7657840214166409,0.5635101795196533,1.0269348621368408
