,test_rmse,test_mae,fit_time,test_time
0,0.9912277666591744,0.7677082918298282,0.56252121925354,1.339219093322754
1,0.9961972188513339,0.7727996369374152,0.5795366764068604,1.3302106857299805
2,0.9990352487113621,0.7756601918258499,0.5775172710418701,1.3232131004333496
3,0.9879506766893507,0.7654692274475282,0.581528902053833,1.315197467803955
4,1.0047923090525521,0.7763657509303112,0.5795278549194336,1.3091943264007568
