,test_rmse,test_mae,fit_time,test_time
0,0.974503978971527,0.7552403593400534,14.548244953155518,6.867262601852417
1,0.9812334240961913,0.7620563032736491,14.340056657791138,6.9843590259552
2,0.9680464445307579,0.7532679873200328,14.58327841758728,6.967343807220459
3,0.9715715010915138,0.7565361791469647,14.30302381515503,6.928308010101318
4,0.9757244201314794,0.7532477711938774,14.589284181594849,6.933315277099609
