,test_rmse,test_mae,fit_time,test_time
0,0.9719839770554839,0.7520990155393122,20.649799585342407,5.981437683105469
1,0.9759560284310902,0.7558016520136798,20.685831785202026,6.133584022521973
2,0.9763757769316403,0.7557373526947546,20.867156505584717,6.052510023117065
3,0.9896241172325485,0.7655433189392646,20.97108244895935,5.950566053390503
4,0.9761388439085561,0.7549923904970838,20.87901782989502,6.138579607009888
