,test_rmse,test_mae,fit_time,test_time
0,0.9676416293688418,0.7388952905674905,0.1601545810699463,1.034942626953125
1,0.9545814443891681,0.733009633388253,0.1711559295654297,0.9778907299041748
2,0.9643730517087422,0.7374494060812605,0.1691455841064453,0.9959151744842529
3,0.9620837642502498,0.7343192101939827,0.17015504837036133,0.9929041862487793
4,0.9664020063279594,0.7415915287989102,0.17015504837036133,0.9979085922241211
