,test_rmse,test_mae,fit_time,test_time
0,0.9754725688725417,0.752600026080058,0.16214847564697266,1.326207160949707
1,0.9787186348570438,0.7542871176475735,0.17516231536865234,1.3622376918792725
2,0.9790364721170136,0.7543905623963163,0.17515945434570312,1.3412210941314697
3,0.9759741013348358,0.7507279944066177,0.17415595054626465,1.339219570159912
4,0.973378889367668,0.7520506688500381,0.1761608123779297,1.3352158069610596
