,test_rmse,test_mae,fit_time,test_time
0,0.9763187231683006,0.7585350078294086,14.260377168655396,6.73514199256897
1,0.977817666483067,0.7585258645893626,14.388091802597046,6.837234020233154
2,0.9698020710310732,0.7569508835128539,14.401111364364624,6.8734211921691895
3,0.9785293298315528,0.7555605636155037,14.494197845458984,6.810200929641724
4,0.9694157709429743,0.7525628475921656,14.642340660095215,6.9743499755859375
