,test_rmse,test_mae,fit_time,test_time
0,0.9876360172505253,0.7631409890666534,0.15914487838745117,1.344223976135254
1,0.9766493591300918,0.7535141489486449,0.1731576919555664,1.3182008266448975
2,0.9843243021460572,0.7588555017644212,0.17415857315063477,1.328212022781372
3,0.9669389490658185,0.7451569165386208,0.17616009712219238,1.3111939430236816
4,0.970933526604352,0.7508509001103394,0.17515993118286133,1.3171989917755127
