,test_rmse,test_mae,fit_time,test_time
0,0.997025772173965,0.7735395046152315,0.8547093868255615,1.237048625946045
1,0.9977540476959647,0.7733398220879406,0.8617241382598877,1.2700674533843994
2,0.9996466883030206,0.773218491095105,0.866736650466919,1.2420439720153809
3,0.9989232861792312,0.771157136428921,0.8657279014587402,1.2570562362670898
4,0.9969174276136049,0.7726178936785502,0.8657276630401611,1.2390413284301758
