,test_rmse,test_mae,fit_time,test_time
0,0.9247220435412773,0.711030823247443,3.1888625621795654,5.762147903442383
1,0.9267086411561657,0.7140131545695091,3.2822275161743164,5.913292646408081
2,0.9450583768277316,0.7307317000604296,3.243913173675537,5.945321083068848
3,0.9265266183936922,0.712332096736863,3.318981647491455,5.8832550048828125
4,0.9324067978775527,0.719435703670098,3.229890823364258,5.9142937660217285
