,test_rmse,test_mae,fit_time,test_time
0,1.005462691558794,0.7773927337197437,0.8657882213592529,1.2512507438659668
1,0.9958164956185938,0.7719881820051688,0.8577899932861328,1.2401292324066162
2,0.999588432263086,0.7722252999114946,0.8567798137664795,1.2431316375732422
3,1.0017622385531857,0.7738270612663576,0.8557801246643066,1.2411279678344727
4,0.9934108919368204,0.7684577567185195,0.8597807884216309,1.2311227321624756
