,test_rmse,test_mae,fit_time,test_time
0,0.9719136258147187,0.7559528226785478,14.439147472381592,6.826224088668823
1,0.9807975998660889,0.7617937878703782,14.409119606018066,7.023394823074341
2,0.9750508682576496,0.7572667657614668,14.407109498977661,6.930478096008301
3,0.9790002360298026,0.7589993672768718,14.565262079238892,6.917298316955566
4,0.965103821052339,0.7506206627093568,14.673352003097534,6.88427734375
