,test_rmse,test_mae,fit_time,test_time
0,0.9727329167992728,0.7516615745996993,20.591756582260132,6.149598598480225
1,0.9785721267393838,0.7584124798713398,20.676690340042114,6.233683347702026
2,0.9746220888750078,0.7525533269171122,20.486650466918945,6.295732021331787
3,0.972974013985832,0.7526621247418431,20.735886812210083,6.166616439819336
4,0.9846073078625824,0.7635463479643678,20.695838928222656,6.300727128982544
