,test_rmse,test_mae,fit_time,test_time
0,1.0283416448175864,0.8001986796217243,20.28645944595337,4.059708833694458
1,1.0139281605445272,0.7891153181281214,20.45693802833557,4.177646636962891
2,1.0116205166525893,0.7867559421519895,20.501667976379395,4.13676643371582
3,1.0101360584301524,0.786884379644694,20.466779947280884,4.130770206451416
4,1.0206648909343075,0.7951515035391634,20.825962781906128,4.130761384963989
