,test_rmse,test_mae,fit_time,test_time
0,0.9400062831069673,0.7238091288789216,3.2279300689697266,6.8242223262786865
1,0.932941727944586,0.7186201274084651,3.2719764709472656,6.984359264373779
2,0.9294389767488824,0.7158914711152755,3.302006483078003,6.941320896148682
3,0.936171445100727,0.7215211522310142,3.3371922969818115,7.028402090072632
4,0.9313800976734765,0.718061098935374,3.3220221996307373,7.015387535095215
