,test_rmse,test_mae,fit_time,test_time
0,0.9266379306729571,0.7133125761632146,3.148857831954956,5.043604612350464
1,0.9385134417336598,0.7223389335077289,3.1718878746032715,5.286813735961914
2,0.9345902126558138,0.7208789418593204,3.175891637802124,5.189725399017334
3,0.9369786477614043,0.7211378615317695,3.1939079761505127,5.231763601303101
4,0.9336920934212061,0.7230217557308614,3.2259373664855957,5.155686140060425
