,test_rmse,test_mae,fit_time,test_time
0,0.9767644310811981,0.7600229476547246,14.467163562774658,6.803194046020508
1,0.9807355259827679,0.7588896273441916,14.292011976242065,6.981356859207153
2,0.9715228142445661,0.7553048427924232,14.426142930984497,6.883267641067505
3,0.9672047640293286,0.7491640888339105,14.354061365127563,6.7901904582977295
4,0.9768740321855257,0.759429957905068,14.651340007781982,6.923464298248291
