,test_rmse,test_mae,fit_time,test_time
0,0.9928590289810294,0.7649470444632512,0.5575168132781982,1.1600589752197266
1,1.0028822390403855,0.771634078385599,0.5635101795196533,1.1640598773956299
2,1.002042155675471,0.7717273509391611,0.5705196857452393,1.1530497074127197
3,0.9786453172707966,0.7589520997522126,0.5685174465179443,1.1610572338104248
4,0.9931662357235836,0.7699711910528452,0.5655035972595215,1.155059576034546
