,test_rmse,test_mae,fit_time,test_time
0,0.9936085059036732,0.7695951217917543,0.5615200996398926,1.322206974029541
1,0.9983986710176856,0.7730232624213934,0.5985522270202637,1.3252065181732178
2,0.9991275124349107,0.7721371029194095,0.5825304985046387,1.3272171020507812
3,0.9903956163102087,0.768470762539716,0.5815296173095703,1.325197696685791
4,0.9901304679689711,0.7702271437689773,0.5795278549194336,1.3212027549743652
