,test_rmse,test_mae,fit_time,test_time
0,0.9811998235397763,0.7618928223867555,0.575523853302002,1.3412299156188965
1,0.9941261046549261,0.7706706204061724,0.5825388431549072,1.3362188339233398
2,0.9932352764524986,0.7707948489899431,0.5855331420898438,1.332221269607544
3,0.9922195822219262,0.7672610048101612,0.5815291404724121,1.3442237377166748
4,1.0098478449976223,0.7818625591116216,0.5825297832489014,1.325206995010376
