,test_rmse,test_mae,fit_time,test_time
0,0.9770413066126415,0.7578687546979921,20.385417699813843,5.599209785461426
1,0.9790354045410009,0.7594693130565046,20.640931129455566,5.642090320587158
2,0.9806347009779081,0.7575143897963922,20.962116479873657,5.793236970901489
3,0.9817576598810603,0.7586466432425193,20.712732553482056,5.75820517539978
4,0.9884383203300127,0.7675560333554776,20.767764806747437,5.624083757400513
