,test_rmse,test_mae,fit_time,test_time
0,1.0010166225719423,0.7764162594806163,0.5705099105834961,1.3223397731781006
1,0.9901926333275884,0.7686386764370629,0.5807304382324219,1.3169941902160645
2,0.99118725867315,0.7679988234063806,0.5765206813812256,1.3342134952545166
3,0.9885692663995727,0.7635186964186305,0.5855321884155273,1.3232033252716064
4,1.001540233206439,0.7752172678832584,0.5765235424041748,1.3472247123718262
