,test_rmse,test_mae,fit_time,test_time
0,0.9770475827052066,0.753034679276347,0.1581428050994873,1.3392157554626465
1,0.9766414549080218,0.7517956236218841,0.1751575469970703,1.3181958198547363
2,0.9768003425928854,0.7522756260704154,0.17515778541564941,1.3131911754608154
3,0.9662056804806085,0.746503417005484,0.17215514183044434,1.3482232093811035
4,0.9758387962054124,0.7534292611613475,0.1731553077697754,1.3402163982391357
