,test_rmse,test_mae,fit_time,test_time
0,0.9332429941512136,0.7180464058058641,3.1728880405426025,6.423848390579224
1,0.9390060466291306,0.7233548803357294,3.2529611587524414,6.523939609527588
2,0.9262632333043813,0.7155803386115528,3.2469542026519775,6.602022171020508
3,0.9259563725295159,0.7106051489618964,3.2529618740081787,6.549966096878052
4,0.935620669359241,0.7220994015486356,3.359057903289795,6.542948246002197
