,test_rmse,test_mae,fit_time,test_time
0,0.9331809929931916,0.71873121009623,3.1698861122131348,4.95851469039917
1,0.9343950020568963,0.7217295124647978,3.2169361114501953,5.07762336730957
2,0.9409508026482024,0.7265960507459426,3.1979119777679443,5.074620246887207
3,0.9393402344693341,0.7227944249647354,3.2689762115478516,5.032747030258179
4,0.9329425330877739,0.7220212962940683,3.224936008453369,5.090635299682617
