,test_rmse,test_mae,fit_time,test_time
0,0.9341270949682813,0.7179359046772165,3.317011594772339,6.529954433441162
1,0.9351183280345459,0.7183742438480949,3.293998956680298,6.638044834136963
2,0.9369698215759605,0.7230485940381335,3.2299413681030273,6.6840784549713135
3,0.9351509632260621,0.7224808158952096,3.2199323177337646,6.568980932235718
4,0.9228708592564546,0.711772492538377,3.32202410697937,6.6720757484436035
