,test_rmse,test_mae,fit_time,test_time
0,1.0038676417020032,0.7753308337859536,0.8667793273925781,1.2661595344543457
1,0.9978705181145555,0.7755005842866213,0.855780839920044,1.2711451053619385
2,0.9967161571502822,0.7711962581304158,0.855778694152832,1.2831666469573975
3,0.9978719867903446,0.7735748362230004,0.8507711887359619,1.292175054550171
4,1.0013072511378123,0.7743177565770949,0.8657870292663574,1.2851688861846924
