,test_rmse,test_mae,fit_time,test_time
0,0.9863148332863324,0.7669391594238638,0.5715289115905762,1.3191993236541748
1,1.0035482878496405,0.7775975412247469,0.5795354843139648,1.3392200469970703
2,0.9964743854169285,0.7702286937977887,0.5765242576599121,1.3472249507904053
3,0.993461382449077,0.7709988050066964,0.5805282592773438,1.3292078971862793
4,0.9904135562807744,0.7639909194553433,0.5845315456390381,1.3181898593902588
