,test_rmse,test_mae,fit_time,test_time
0,0.9789574584076346,0.7527890483214855,0.16115856170654297,1.3302083015441895
1,0.9732453012934974,0.7513464091046258,0.17615985870361328,1.323207139968872
2,0.9703923051532374,0.7507474007201355,0.17415571212768555,1.3241965770721436
3,0.9757334951579589,0.7531820274110453,0.17516016960144043,1.3182084560394287
4,0.97936776809162,0.756450795175032,0.17615985870361328,1.317190408706665
