,test_rmse,test_mae,fit_time,test_time
0,1.004023113186078,0.7723053471147724,0.8727633953094482,1.256098747253418
1,1.0069781671322275,0.7772513149227324,0.8607511520385742,1.284123182296753
2,0.9905068754127814,0.7675078823048656,0.854748010635376,1.2601022720336914
3,0.993286289264065,0.7705440792469272,0.8567502498626709,1.2681005001068115
4,0.9981673206116554,0.7736693965959306,0.8627524375915527,1.2631049156188965
