,test_rmse,test_mae,fit_time,test_time
0,0.9948584082475858,0.7679623248809267,0.8667984008789062,1.2501378059387207
1,0.9917633286253033,0.7694480921930994,0.8657879829406738,1.2661528587341309
2,1.0007388335822254,0.7737847577089549,0.8547782897949219,1.2661523818969727
3,1.0087953163005852,0.7789524720206693,0.8567886352539062,1.2691559791564941
4,0.9905460047563179,0.7695709853862287,0.8627853393554688,1.2851614952087402
