,test_rmse,test_mae,fit_time,test_time
0,0.9875671586645668,0.7668928934835347,14.357226610183716,6.448870897293091
1,0.9737308619471996,0.7565787752885847,14.399110317230225,6.573993682861328
2,0.9765083037419023,0.7577540991523642,14.475180625915527,6.608016729354858
3,0.9752596520613461,0.7573436736200605,14.530230283737183,6.558964729309082
4,0.9692858272043406,0.7520449783657144,14.814489364624023,6.5469605922698975
