,test_rmse,test_mae,fit_time,test_time
0,1.0158429727390494,0.7916932472187668,14.11585283279419,4.224849462509155
1,1.013608722620934,0.7905016297835924,14.078818798065186,4.4300336837768555
2,1.0184352385105866,0.7950140270479753,14.193924188613892,4.377985954284668
3,1.0131149485741935,0.7902924591499563,14.344060182571411,4.306921482086182
4,1.0112457598892615,0.7888693909555105,14.31603455543518,4.314088582992554
