,test_rmse,test_mae,fit_time,test_time
0,0.9901193818460003,0.7724121530527738,14.25798225402832,5.147686958312988
1,0.9948215896216203,0.7753362990217103,14.427321672439575,5.351872682571411
2,0.9887452516778218,0.7658555432495956,14.608300924301147,5.200735569000244
3,0.9893677809271395,0.7708095275186545,14.304024457931519,5.309834718704224
4,0.9893238577527342,0.7688657558807696,14.275199174880981,5.211745023727417
