,test_rmse,test_mae,fit_time,test_time
0,0.9860280095646627,0.7652094718599854,0.5955195426940918,1.308152675628662
1,1.004684958521277,0.7753584231033527,0.5875163078308105,1.3101463317871094
2,0.995192524468843,0.7700250073711168,0.5885148048400879,1.326160192489624
3,0.987777399752703,0.7654313729216335,0.5955221652984619,1.312147855758667
4,0.9933800804833132,0.768216899601461,0.578498363494873,1.31715989112854
