,test_rmse,test_mae,fit_time,test_time
0,0.9807879948359743,0.760020922400374,20.721546411514282,5.54211950302124
1,0.9759882237624422,0.7570541531349114,20.661492824554443,5.7331318855285645
2,0.9853507597519751,0.7638572006747396,20.647480249404907,5.612023115158081
3,0.9820294432314883,0.7600407487113449,20.636634349822998,5.734129905700684
4,0.9824085347610744,0.7610003800860725,21.02480936050415,5.634042978286743
