,test_rmse,test_mae,fit_time,test_time
0,0.9320092428914816,0.7169720815835592,3.2499454021453857,6.276716947555542
1,0.9293674000593461,0.7161002673987591,3.2329397201538086,6.23366904258728
2,0.9312369440087437,0.7168825083869294,3.265967607498169,6.415833950042725
3,0.9407858942225351,0.7224358586510851,3.2919816970825195,6.370793104171753
4,0.9273342653255424,0.7189014075597936,3.3090085983276367,6.3267621994018555
