,test_rmse,test_mae,fit_time,test_time
0,0.9367877553950352,0.720810721161482,3.1728808879852295,6.845240592956543
1,0.938558348907507,0.7226935820212241,3.232943058013916,6.976349830627441
2,0.9267467556314067,0.7163918547160789,3.2549638748168945,6.978345632553101
3,0.9320109155469769,0.7170499027364977,3.2960011959075928,6.874393701553345
4,0.93176653871003,0.7184182174073105,3.305009126663208,6.918299913406372
