,test_rmse,test_mae,fit_time,test_time
0,0.9929609965653753,0.7695156567431405,0.8457295894622803,1.2510740756988525
1,1.0022097998560064,0.7718222285198406,0.8457305431365967,1.242065668106079
2,0.9965505914666289,0.771896901660053,0.8477320671081543,1.270090103149414
3,0.9944811277882272,0.770975724679272,0.8687474727630615,1.249074935913086
4,0.9968203816010978,0.7737137332918658,0.8537347316741943,1.2610876560211182
