,test_rmse,test_mae,fit_time,test_time
0,0.9800300599095595,0.7583224521663408,20.523689031600952,6.464884519577026
1,0.9723574189643392,0.7511038991351225,20.627781867980957,6.61007022857666
2,0.9751945249990295,0.7534412530540474,20.646790742874146,6.630045413970947
3,0.9781590522909729,0.756068338446761,20.514678955078125,6.610018730163574
4,0.9682965108245122,0.7494287732187639,20.84197735786438,6.584986925125122
