,test_rmse,test_mae,fit_time,test_time
0,0.9319107991520263,0.713940038476354,3.2579500675201416,6.11156702041626
1,0.9209462280717373,0.71109956412878,3.260956048965454,6.3047425746917725
2,0.9365058363307008,0.7242710823660112,3.3350327014923096,6.31573486328125
3,0.9304857980756929,0.7173473482251873,3.2699735164642334,6.308734178543091
4,0.9402753191062169,0.7250440090168552,3.227932929992676,6.159592866897583
