,test_rmse,test_mae,fit_time,test_time
0,1.049206804152188,0.8177989445746912,20.272467136383057,3.850505828857422
1,1.0406708630149961,0.8099377941075346,20.52268648147583,3.8765299320220947
2,1.0395026833229197,0.8103233446231282,20.549875259399414,3.9435877799987793
3,1.0479858254224523,0.8180841940116093,20.303486585617065,3.912562370300293
4,1.041871813943992,0.8140610435904769,20.437599658966064,4.138768672943115
