,test_rmse,test_mae,fit_time,test_time
0,0.9413180742620693,0.7268441643879503,3.1338531970977783,4.789541482925415
1,0.9453678542942098,0.7288301469777576,3.232940435409546,5.012564182281494
2,0.9338586377518661,0.7215041829922318,3.258967161178589,4.913473844528198
3,0.9400450884633059,0.7260440070032742,3.239950180053711,4.905466556549072
4,0.9305880562113272,0.7179903208903599,3.212925434112549,4.881444931030273
