,test_rmse,test_mae,fit_time,test_time
0,0.9972425698734817,0.7716094731364325,0.850764274597168,1.2731668949127197
1,0.998579441874628,0.7727562775274438,0.8667793273925781,1.270162582397461
2,0.9988618009529051,0.7731452870216895,0.8717920780181885,1.2771539688110352
3,0.9910698026911502,0.7677938660489053,0.8667886257171631,1.2961785793304443
4,1.0017341943122127,0.7766065096544781,0.8597819805145264,1.2691538333892822
