,test_rmse,test_mae,fit_time,test_time
0,1.0411868057775144,0.8044746223268876,3.1348538398742676,3.6232993602752686
1,1.0547093430043368,0.8157890984305349,3.17288875579834,3.6713428497314453
2,1.0463573280661205,0.807394686713279,3.2159276008605957,3.7924530506134033
3,1.0456279285533692,0.8078700750909186,3.2009143829345703,3.703372001647949
4,1.0475048033886556,0.8075823404933143,3.272980213165283,3.659331798553467
