,test_rmse,test_mae,fit_time,test_time
0,0.9686934517184427,0.7392961484106378,0.15915393829345703,0.9098193645477295
1,0.9607552681670837,0.7354323545469378,0.1781623363494873,0.892812967300415
2,0.9685136702184722,0.7420683885815956,0.18717098236083984,0.93084716796875
3,0.9614316886485036,0.7356984235713825,0.17616057395935059,0.9228405952453613
4,0.9733332352053651,0.7429019645593881,0.19117355346679688,0.9698829650878906
