,test_rmse,test_mae,fit_time,test_time
0,0.9851835852516978,0.7560245398721499,0.1581435203552246,1.3292195796966553
1,0.9819456867184057,0.7582739193864437,0.17415881156921387,1.3382213115692139
2,0.965755854729699,0.7436583925566392,0.17616009712219238,1.3191931247711182
3,0.9740179382587718,0.7550751214524535,0.17415857315063477,1.3312113285064697
4,0.9700048277426808,0.7481261903177887,0.17515921592712402,1.3192005157470703
