,test_rmse,test_mae,fit_time,test_time
0,0.9827317361226394,0.7640308383251145,14.248971939086914,5.175713300704956
1,0.9886649443799501,0.7674443396316128,14.455588579177856,5.417924642562866
2,0.9898603045442598,0.7707063396545358,14.381093502044678,5.3298609256744385
3,0.9931689035078214,0.7706789379893885,14.458154439926147,5.37990665435791
4,0.9894321464750585,0.7690968551360078,14.498359680175781,5.26078987121582
