,test_rmse,test_mae,fit_time,test_time
0,0.9707676071891846,0.747652713234624,0.16114592552185059,1.3472228050231934
1,0.9782987113189183,0.7555989598031645,0.17616820335388184,1.3312079906463623
2,0.9760798134232275,0.7500209640921803,0.17515850067138672,1.3332102298736572
3,0.9749903658122657,0.7494728576584706,0.17415809631347656,1.327204942703247
4,0.9709236004244423,0.7526431245081782,0.17515873908996582,1.3392179012298584
