,test_rmse,test_mae,fit_time,test_time
0,0.9955739434728266,0.7725105447812616,0.5625123977661133,1.3071699142456055
1,0.9936862017243953,0.7685886309820087,0.5835247039794922,1.32818603515625
2,0.9961750770402992,0.7730951580690293,0.5715036392211914,1.3362040519714355
3,0.9939961634892599,0.7670544703159643,0.5785183906555176,1.31717848777771
4,0.9899353439037976,0.7668590624725464,0.572509765625,1.3121745586395264
