,test_rmse,test_mae,fit_time,test_time
0,0.994610295725106,0.7713516645364908,0.841766357421875,1.2751696109771729
1,1.0051656782899412,0.7767096135136827,0.8607831001281738,1.2611403465270996
2,0.9980595161244471,0.7739076475658332,0.8567769527435303,1.2661430835723877
3,0.9969503809982737,0.7709344296793309,0.8567883968353271,1.2711570262908936
4,0.9910693801372675,0.7651524014506682,0.8577804565429688,1.2791647911071777
