,test_rmse,test_mae,fit_time,test_time
0,0.9868676175948358,0.768663706642656,20.307499408721924,4.718296051025391
1,0.9922645859119354,0.7723825079992391,20.669968843460083,4.809379577636719
2,0.9887805978926284,0.7661535704534325,20.681822776794434,4.901471853256226
3,1.0035249467878382,0.7772736996154171,20.895180702209473,4.960516929626465
4,0.9915393273236328,0.769251861091241,20.752896547317505,5.009561061859131
