,test_rmse,test_mae,fit_time,test_time
0,0.9357004655103555,0.7216161597942599,3.243413209915161,6.6910927295684814
1,0.9383848520235297,0.725386681737314,3.226938009262085,6.8402369022369385
2,0.9241716109158977,0.7089796436479201,3.2529613971710205,6.741138458251953
3,0.9318500879769978,0.718124292678599,3.2919890880584717,6.732138395309448
4,0.9354487422896146,0.7201052014291838,3.2960100173950195,6.763160228729248
