,test_rmse,test_mae,fit_time,test_time
0,0.988706937479084,0.7675139017326434,0.5655245780944824,1.328199863433838
1,1.007867713701237,0.7782845621034703,0.5755331516265869,1.3151977062225342
2,0.9893555426374553,0.7659524244353542,0.5775253772735596,1.317201852798462
3,0.9975086832679905,0.7759036387528052,0.577526330947876,1.320199728012085
4,0.9941991950551801,0.7734670737627194,0.5765244960784912,1.3111960887908936
