,test_rmse,test_mae,fit_time,test_time
0,0.938649040171905,0.7223485054855273,3.170837879180908,5.688091039657593
1,0.9304798559935786,0.7173587659312463,3.2839391231536865,5.880255222320557
2,0.9314888784044092,0.7156413681734052,3.3019540309906006,5.847233057022095
3,0.9246212313001828,0.7126814635297556,3.2489070892333984,5.792184114456177
4,0.9327194591399244,0.7225768497311664,3.310962438583374,5.830218315124512
