,test_rmse,test_mae,fit_time,test_time
0,1.0277489329943439,0.8058415786946098,14.41812801361084,4.178805112838745
1,1.0116528117339596,0.7914296848996818,14.152886390686035,4.210833549499512
2,1.0254192630888426,0.800765860437786,14.282161951065063,4.293909788131714
3,1.01886873604175,0.7933533273385276,14.12085747718811,4.225845813751221
4,1.0171870096634308,0.7909996280528356,14.230957508087158,4.226848840713501
