,test_rmse,test_mae,fit_time,test_time
0,0.9896117846130172,0.7668143106695131,20.791600942611694,5.473910808563232
1,0.9761454055922758,0.7529115186985058,20.667497634887695,5.612025260925293
2,0.9779793468880731,0.7607455474695839,20.87284755706787,5.690092325210571
3,0.9875372368139539,0.7650204434411643,20.81162667274475,5.596009016036987
4,0.9786740631237044,0.7583060191415522,20.741561889648438,5.716118812561035
