,test_rmse,test_mae,fit_time,test_time
0,0.9990432384174782,0.7743886432292892,0.8587844371795654,1.200089693069458
1,1.0041984159418442,0.7757772165393714,0.8387632369995117,1.1810755729675293
2,0.9949323188117876,0.7694978155988749,0.8407654762268066,1.1720671653747559
3,0.9992166518902484,0.7729625493965744,0.8397619724273682,1.1740691661834717
4,0.9967739209302539,0.7741546927327115,0.8407630920410156,1.1760704517364502
