,test_rmse,test_mae,fit_time,test_time
0,0.974618436142091,0.7541363074735703,20.68577527999878,5.658135414123535
1,0.9863575116206796,0.762640782398855,20.79090929031372,5.759218692779541
2,0.9784540345604719,0.7602780664556521,20.593690395355225,5.872330188751221
3,0.981700266359864,0.7605445997104158,20.669759511947632,5.836297035217285
4,0.9723576203911042,0.7513005966617571,20.587684392929077,5.828298091888428
