,test_rmse,test_mae,fit_time,test_time
0,1.0752125975257016,0.8407362291381048,14.258983135223389,3.7023799419403076
1,1.0866421569489337,0.8498219139286813,14.222952842712402,3.6983649730682373
2,1.0830836427045698,0.8439400858964751,14.343059778213501,3.848504066467285
3,1.079432638955781,0.8429617444935407,14.305025100708008,3.8334903717041016
4,1.0879885340218205,0.847566154134753,14.19791841506958,3.8825442790985107
