,test_rmse,test_mae,fit_time,test_time
0,0.9759522608871263,0.7514026062327467,0.16013836860656738,1.2931208610534668
1,0.9774659581993939,0.7512459523315638,0.17615199089050293,1.2830963134765625
2,0.9645718034829421,0.7421914010805698,0.17815375328063965,1.2701609134674072
3,0.9694136451904942,0.7458113360290877,0.1741499900817871,1.2881088256835938
4,0.9696631880972775,0.7474511661565417,0.17414140701293945,1.2941219806671143
