,test_rmse,test_mae,fit_time,test_time
0,0.9823025874511762,0.7567544336701806,0.162156343460083,1.3362171649932861
1,0.9773690939627044,0.7554079428980288,0.17416000366210938,1.3222017288208008
2,0.971740054132567,0.749986414426879,0.17714858055114746,1.3382279872894287
3,0.9795310629873796,0.7565839140566437,0.17431092262268066,1.335064172744751
4,0.9752476993317742,0.7529778608327573,0.17415618896484375,1.3232049942016602
