,test_rmse,test_mae,fit_time,test_time
0,1.3235976414644852,0.9788399156095593,3.1788856983184814,3.3310329914093018
1,1.3263765513532768,0.9824364802784072,3.214935779571533,3.4351277351379395
2,1.3117923536911908,0.9739426450674141,3.2149271965026855,3.5602328777313232
3,1.2950209418809462,0.9603577765813783,3.278993606567383,3.5182034969329834
4,1.3059397888466737,0.965888395580221,3.2229344844818115,3.5101962089538574
