,test_rmse,test_mae,fit_time,test_time
0,0.9812586995615799,0.7610906265415412,14.426032304763794,5.737185478210449
1,0.9799646896355276,0.7593408689319437,14.43105149269104,5.871307373046875
2,0.9799333960880928,0.7650514887728874,14.717303991317749,5.820258378982544
3,0.9868281318678386,0.767058006727185,14.390007972717285,5.732181787490845
4,0.9820456017842328,0.764314115421908,14.74733018875122,5.796239137649536
