,test_rmse,test_mae,fit_time,test_time
0,1.2979708287960547,0.989206794425725,0.857780933380127,0.6195557117462158
1,1.3017538197576752,0.9881085239639497,0.8397645950317383,0.5945415496826172
2,1.31014257216143,0.9980664310659072,0.8427672386169434,0.5925416946411133
3,1.3025606203194835,0.9880974143110651,0.8387632369995117,0.5995461940765381
4,1.298461111570368,0.9848016621043948,0.8377628326416016,0.5925393104553223
