,test_rmse,test_mae,fit_time,test_time
0,0.9961601019213644,0.7737811212911242,20.473641872406006,4.203827619552612
1,1.0031732492444518,0.7790795818219832,20.743887662887573,4.291072845458984
2,1.0065429040694058,0.7838436612637097,20.372550010681152,4.370980262756348
3,1.0038147791230938,0.7826575302215465,20.627782344818115,4.426030158996582
4,1.0051632431041053,0.7827917877620147,20.635786533355713,4.3709800243377686
