,test_rmse,test_mae,fit_time,test_time
0,0.9980910286932682,0.7740389923467992,0.8427672386169434,1.2601566314697266
1,0.990915512985433,0.7693259384646963,0.854778528213501,1.2651519775390625
2,1.0061838790431648,0.7768752733794551,0.8577806949615479,1.2761621475219727
3,0.995302266413751,0.7712656750271975,0.8547780513763428,1.2731597423553467
4,1.0022848003019236,0.776331411488919,0.860783576965332,1.2651519775390625
