,test_rmse,test_mae,fit_time,test_time
0,0.921955062872185,0.7112957942238112,3.232942819595337,6.414849519729614
1,0.940669787739891,0.7223831181978018,3.2369463443756104,6.6090168952941895
2,0.9281727279519617,0.7171432407290002,3.2669734954833984,6.547033071517944
3,0.9340711151993406,0.719176853441404,3.2369463443756104,6.510930299758911
4,0.9368129260769497,0.7215808253227949,3.3240256309509277,6.428845167160034
